classification	reason	file	line	column	value	context	decision	replacement
value_review	Owning entity file (FocusDatasetId)	specification/metadata/dataset_instance/focus_dataset.md	3	157	FOCUS Cost and Usage	"The identifier of the FOCUS dataset for which the schema and its data conform to. This indicates which FOCUS dataset the data artifact aligns with, such as ""FOCUS Cost and Usage"" or ""FOCUS Contract."""	owning_entity_review	`FOCUS Cost and Usage`
value_review	Owning entity file (FocusDatasetId)	specification/metadata/dataset_instance/focus_dataset.md	3	183	FOCUS Contract.	"The identifier of the FOCUS dataset for which the schema and its data conform to. This indicates which FOCUS dataset the data artifact aligns with, such as ""FOCUS Cost and Usage"" or ""FOCUS Contract."""	owning_entity_review	`FOCUS Contract`.
value_high	Entity predicate (ProviderTagPrefixes)	specification/metadata/schema/column_definition/providertagprefixes.md	7	195	Tags	"* ProviderTagPrefixes MUST be present in an object within the [ColumnDefinition](#metadata.schema.columndefinition) collection when [ColumnName](#metadata.schema.columndefinition.columnname) is ""Tags""."	classified_high	`Tags`
value_high	Explicit data-value wording	specification/attributes/delivery_handling.md	18	508	Correction	"For example, for Cost and Usage *FOCUS datasets*, a data generator may use Overwrite mechanism for *dataset artifacts* corresponding to an [*open billing period*](#glossary:open-billing-period), ensuring the snapshot reflects the most recent state, while using Append mechanism for [*closed billing periods*](#glossary:closed-billing-period) to preserve historical data and support auditing of corrections to previously *closed billing periods* (i.e., [*charges*](#glossary:charge) with Charge Class set to ""Correction"")."	classified_high	`Correction`
value_high	Entity designation	specification/glossary.md	79	104	Public	"* [Contract Commitment Offer Category](#datamodel.contractcommitment.contractcommitmentoffercategory): ""Public"""	classified_high	`Public`
value_high	Entity designation	specification/glossary.md	80	108	Discount	"* [Contract Commitment Benefit Category](#datamodel.contractcommitment.contractcommitmentbenefitcategory): ""Discount"""	classified_high	`Discount`
value_high	Entity designation	specification/glossary.md	81	87	Continuous	"* [Contract Commitment Model](#datamodel.contractcommitment.contractcommitmentmodel): ""Continuous"""	classified_high	`Continuous`
value_high	Linked entity predicate	specification/glossary.md	200	257	Issued	"An [*invoice*](#glossary:invoice) that has been formally [*reconciled*](#glossary:invoice-reconciliation) and issued by the designated [*invoice issuer*](#glossary:invoice-issuer) ([Invoice Issue Status](#datamodel.invoicedetail.invoiceissuestatus) set to ""Issued""). Once issued, the invoice becomes the authoritative financial document and is considered finalized. The financial data presented on the invoice is not expected to change."	classified_high	`Issued`
value_high	Entity designation	specification/glossary.md	232	104	Negotiated	"* [Contract Commitment Offer Category](#datamodel.contractcommitment.contractcommitmentoffercategory): ""Negotiated"""	classified_high	`Negotiated`
value_high	Entity designation	specification/glossary.md	233	108	Discount	"* [Contract Commitment Benefit Category](#datamodel.contractcommitment.contractcommitmentbenefitcategory): ""Discount"""	classified_high	`Discount`
value_high	Linked entity predicate	specification/glossary.md	241	130	Open	"A [*billing period*](#glossary:billing-period) with [Billing Period Status](#datamodel.billingperiod.billingperiodstatus) set to ""Open"". Billing activities are ongoing, and the period remains subject to updates until formally closed."	classified_high	`Open`
ambiguous	No deterministic value relationship	specification/appendix/commitment_program_eligibility_details_examples.md	11	171	Advance Resource Commitment	"Acme Corp runs compute workloads on Aura Web and holds an Advance Resource Commitment (cr-arc-acme-001) for a single charge period (2025-04-01). The `ProgramType` values ""Advance Resource Commitment"" and ""Zonal Resource Commitment"" are illustrative and do not correspond to a specific provider's program names."	manual_apply	`Advance Resource Commitment`
ambiguous	No deterministic value relationship	specification/appendix/commitment_program_eligibility_details_examples.md	11	205	Zonal Resource Commitment	"Acme Corp runs compute workloads on Aura Web and holds an Advance Resource Commitment (cr-arc-acme-001) for a single charge period (2025-04-01). The `ProgramType` values ""Advance Resource Commitment"" and ""Zonal Resource Commitment"" are illustrative and do not correspond to a specific provider's program names."	manual_apply	`Zonal Resource Commitment`
exclude_key	Property/key notation	specification/glossary.md	110	72	Correction	"In contrast to the broader concept of correction (lowercase), the term ""Correction"" (capitalized) refers to a specific allowed value in the [Charge Class](#datamodel.costandusage.chargeclass) column in Cost and Usage datasets. It designates [*charges*](#glossary:charge) used to correct cost or usage data from a previously [*closed billing period*](#glossary:closed-billing-period)."	manual_apply_after_review	`Correction`
exclude_key	Property/key notation	specification/datasets/contract_commitment/columns/contractcommitmentapplicability.md	36	99	*	"* ContractCommitmentApplicabilityObject.Inclusions[\*].Values MUST contain only the single string ""*"" when the wildcard is present."	manual_apply_after_review	"`""*""`"
exclude_key	Property/key notation	specification/datasets/contract_commitment/columns/contractcommitmentapplicability.md	37	99	*	"* ContractCommitmentApplicabilityObject.Exclusions[\*].Values MUST contain only the single string ""*"" when the wildcard is present."	manual_apply_after_review	"`""*""`"
value_high	Entity predicate (CapacityReservationStatus)	specification/appendix/commitment_program_eligibility_details_examples.md	17	101	Used	"1. **Used capacity** (Row 1): Compute usage consuming the reservation. CapacityReservationStatus is ""Used"". [BilledCost](#datamodel.costandusage.billedcost) and [EffectiveCost](#datamodel.costandusage.effectivecost) are both $180.00."	classified_high	`Used`
value_high	Entity predicate (CapacityReservationStatus)	specification/appendix/commitment_program_eligibility_details_examples.md	18	96	Unused	"2. **Unused capacity** (Row 2): Reserved capacity that went idle. CapacityReservationStatus is ""Unused"". BilledCost and EffectiveCost are both $70.00. Unlike *commitment discount* unused rows (where BilledCost is $0.00 because the purchase is invoiced separately), capacity reservation rows reflect the cost of reserved capacity whether consumed or not."	classified_high	`Unused`
value_high	Explicit data-value wording	specification/appendix/saas_examples/virtual_currency_pricing_model.md	12	186	tokens	"* OmniQuery offers a virtual currency pricing model for their services and requires a purchase of virtual currency in advance of usage. Their denomination of virtual currency is called ""tokens""."	classified_high	`tokens`
value_high	String example table	specification/appendix/saas_examples/billing_scenario_examples.md	10	229	Recurring	"| [Host-Based SaaS Monitoring](#appendix.examples:saas.billingscenarioexamples.host-basedsaasmonitoring:monthlyon-demandusage) | StackLens | Multiple [*services*](#glossary:service) billed on independent metrics (hosts vs. GB). ""Recurring"" for host-based charges, ""Usage-Based"" for log ingestion. No regional billing. |"	classified_high	`Recurring`
value_high	String example table	specification/appendix/saas_examples/billing_scenario_examples.md	10	265	Usage-Based	"| [Host-Based SaaS Monitoring](#appendix.examples:saas.billingscenarioexamples.host-basedsaasmonitoring:monthlyon-demandusage) | StackLens | Multiple [*services*](#glossary:service) billed on independent metrics (hosts vs. GB). ""Recurring"" for host-based charges, ""Usage-Based"" for log ingestion. No regional billing. |"	classified_high	`Usage-Based`
value_high	Entity predicate (PricingUnit)	specification/appendix/saas_examples/billing_scenario_examples.md	13	190	Subscriptions	"| [Flat-Rate SaaS Licensing](#appendix.examples:saas.billingscenarioexamples.flat-ratesaaslicensing:fixedmonthlysubscription) | CollabChat | Fixed monthly subscription where PricingUnit is ""Subscriptions"" and PricingQuantity is 1, decoupled from underlying user count. |"	classified_high	`Subscriptions`
value_high	String example table	specification/appendix/saas_examples/billing_scenario_examples.md	15	286	Usage	"| [Tiered Pricing with Committed Minimum](#appendix.examples:saas.billingscenarioexamples.tieredpricingwithcommittedminimum:emailapiplatform) | PulseMail | Plan fee as a usage-denominated *commitment discount* with Used/Unused split and overage pricing. `CommitmentDiscountCategory` = ""Usage"". Two billing periods showing under- and over-minimum scenarios. |"	classified_high	`Usage`
value_high	Entity predicate (ConsumedUnit)	specification/appendix/saas_examples/billing_scenario_examples.md	63	59	Credits	"* [ConsumedUnit](#datamodel.costandusage.consumedunit) is ""Credits"" for compute and ""TB"" for storage. The credit is the *service provider*'s unit of compute consumption."	classified_high	`Credits`
value_high	Same line as explicit value context	specification/appendix/saas_examples/billing_scenario_examples.md	63	85	TB	"* [ConsumedUnit](#datamodel.costandusage.consumedunit) is ""Credits"" for compute and ""TB"" for storage. The credit is the *service provider*'s unit of compute consumption."	classified_high	`TB`
value_high	Entity predicate (ChargeFrequency)	specification/appendix/saas_examples/billing_scenario_examples.md	64	65	Usage-Based	"* [ChargeFrequency](#datamodel.costandusage.chargefrequency) is ""Usage-Based"" for compute (metered by credit consumption) and ""Recurring"" for storage (billed per TB per month)."	classified_high	`Usage-Based`
value_high	Same line as explicit value context	specification/appendix/saas_examples/billing_scenario_examples.md	64	127	Recurring	"* [ChargeFrequency](#datamodel.costandusage.chargefrequency) is ""Usage-Based"" for compute (metered by credit consumption) and ""Recurring"" for storage (billed per TB per month)."	classified_high	`Recurring`
value_high	Entity predicate (ChargeFrequency)	specification/appendix/saas_examples/billing_scenario_examples.md	113	65	Recurring	"* [ChargeFrequency](#datamodel.costandusage.chargefrequency) is ""Recurring"" for the host-based *services* (billed per host per month regardless of utilization within the month) and ""Usage-Based"" for log ingestion (billed on actual volume consumed)."	classified_high	`Recurring`
value_high	Same line as explicit value context	specification/appendix/saas_examples/billing_scenario_examples.md	113	182	Usage-Based	"* [ChargeFrequency](#datamodel.costandusage.chargefrequency) is ""Recurring"" for the host-based *services* (billed per host per month regardless of utilization within the month) and ""Usage-Based"" for log ingestion (billed on actual volume consumed)."	classified_high	`Usage-Based`
ambiguous	No deterministic value relationship	specification/appendix/saas_examples/billing_scenario_examples.md	117	93	Management and Governance	"* All three *services* share the [ServiceCategory](#datamodel.costandusage.servicecategory) ""Management and Governance"" per the FOCUS allowed values for logging, monitoring, and observability *services*."	manual_apply	`Management and Governance`
ambiguous	No deterministic value relationship	specification/appendix/saas_examples/billing_scenario_examples.md	158	157	One-Time	"**Purchase Charge:** [ChargeCategory](#datamodel.costandusage.chargecategory) is ""Purchase"" with [ChargeFrequency](#datamodel.costandusage.chargefrequency) ""One-Time"". The full annual amount is invoiced in a single payment."	manual_apply	`One-Time`
value_high	Entity predicate (CommitmentDiscountCategory)	specification/appendix/saas_examples/billing_scenario_examples.md	165	87	Spend	"* [CommitmentDiscountCategory](#datamodel.costandusage.commitmentdiscountcategory) is ""Spend"" because the commitment is denominated in dollars, not usage units."	classified_high	`Spend`
ambiguous	No deterministic value relationship	specification/appendix/saas_examples/billing_scenario_examples.md	169	164	Committed	"**Usage Charge (April 2025):** [ChargeCategory](#datamodel.costandusage.chargecategory) is ""Usage"" with [PricingCategory](#datamodel.costandusage.pricingcategory) ""Committed"". The usage is covered by the annual purchase."	manual_apply	`Committed`
value_high	Entity predicate (CommitmentDiscountStatus)	specification/appendix/saas_examples/billing_scenario_examples.md	175	83	Used	"* [CommitmentDiscountStatus](#datamodel.costandusage.commitmentdiscountstatus) is ""Used"". All 50 seats are occupied."	classified_high	`Used`
value_high	Entity predicate (ChargeFrequency)	specification/appendix/saas_examples/billing_scenario_examples.md	231	108	Usage-Based	"* [ChargeFrequency](#datamodel.costandusage.chargefrequency) varies by resource type. Compute clusters are ""Usage-Based"" (metered hourly). Storage is ""Recurring"" (billed per GB provisioned per month regardless of access patterns). Data transfer is ""Usage-Based"" (billed on actual volume transferred)."	classified_high	`Usage-Based`
value_high	Entity predicate (ChargeFrequency)	specification/appendix/saas_examples/billing_scenario_examples.md	231	151	Recurring	"* [ChargeFrequency](#datamodel.costandusage.chargefrequency) varies by resource type. Compute clusters are ""Usage-Based"" (metered hourly). Storage is ""Recurring"" (billed per GB provisioned per month regardless of access patterns). Data transfer is ""Usage-Based"" (billed on actual volume transferred)."	classified_high	`Recurring`
value_high	Same line as explicit value context	specification/appendix/saas_examples/billing_scenario_examples.md	231	249	Usage-Based	"* [ChargeFrequency](#datamodel.costandusage.chargefrequency) varies by resource type. Compute clusters are ""Usage-Based"" (metered hourly). Storage is ""Recurring"" (billed per GB provisioned per month regardless of access patterns). Data transfer is ""Usage-Based"" (billed on actual volume transferred)."	classified_high	`Usage-Based`
value_high	Entity predicate (PricingUnit)	specification/appendix/saas_examples/billing_scenario_examples.md	278	57	Subscriptions	"* [PricingUnit](#datamodel.costandusage.pricingunit) is ""Subscriptions"" and [PricingQuantity](#datamodel.costandusage.pricingquantity) is 1. Unlike per-seat or per-unit models, the entire platform is a single billable unit."	classified_high	`Subscriptions`
value_high	Entity predicate (CommitmentDiscountCategory)	specification/appendix/saas_examples/billing_scenario_examples.md	405	87	Usage	"* [CommitmentDiscountCategory](#datamodel.costandusage.commitmentdiscountcategory) is ""Usage"" on all commitment-related rows. The plan minimum is denominated in email quantity (50,000 emails), not a dollar amount. This distinguishes it from the ""Spend"" category in the Seat-Based SaaS Subscription example."	classified_high	`Usage`
value_high	Same line as explicit value context	specification/appendix/saas_examples/billing_scenario_examples.md	405	246	Spend	"* [CommitmentDiscountCategory](#datamodel.costandusage.commitmentdiscountcategory) is ""Usage"" on all commitment-related rows. The plan minimum is denominated in email quantity (50,000 emails), not a dollar amount. This distinguishes it from the ""Spend"" category in the Seat-Based SaaS Subscription example."	classified_high	`Spend`
ambiguous	No deterministic value relationship	specification/appendix/saas_examples/billing_scenario_examples.md	406	86	Used	"* [CommitmentDiscountStatus](#datamodel.costandusage.commitmentdiscountstatus) shows ""Used"" and ""Unused"" on Usage rows. In January, the customer only consumed 30,000 of 50,000 emails, so the remaining 20,000 generate an ""Unused"" row. The Unused row has [BilledCost](#datamodel.costandusage.billedcost) of $0.00 but [EffectiveCost](#datamodel.costandusage.effectivecost) of $7.98, representing waste from the commitment."	manual_apply	`Used`
ambiguous	No deterministic value relationship	specification/appendix/saas_examples/billing_scenario_examples.md	406	97	Unused	"* [CommitmentDiscountStatus](#datamodel.costandusage.commitmentdiscountstatus) shows ""Used"" and ""Unused"" on Usage rows. In January, the customer only consumed 30,000 of 50,000 emails, so the remaining 20,000 generate an ""Unused"" row. The Unused row has [BilledCost](#datamodel.costandusage.billedcost) of $0.00 but [EffectiveCost](#datamodel.costandusage.effectivecost) of $7.98, representing waste from the commitment."	manual_apply	`Unused`
ambiguous	No deterministic value relationship	specification/appendix/saas_examples/billing_scenario_examples.md	406	221	Unused	"* [CommitmentDiscountStatus](#datamodel.costandusage.commitmentdiscountstatus) shows ""Used"" and ""Unused"" on Usage rows. In January, the customer only consumed 30,000 of 50,000 emails, so the remaining 20,000 generate an ""Unused"" row. The Unused row has [BilledCost](#datamodel.costandusage.billedcost) of $0.00 but [EffectiveCost](#datamodel.costandusage.effectivecost) of $7.98, representing waste from the commitment."	manual_apply	`Unused`
value_high	Entity predicate (PricingUnit)	specification/appendix/saas_examples/billing_scenario_examples.md	411	57	Count	"* [PricingUnit](#datamodel.costandusage.pricingunit) is ""Count"" on the Purchase row because the plan fee is a single monthly purchase, not denominated in the usage unit (emails). On Usage rows, [PricingUnit](#datamodel.costandusage.pricingunit) is ""Emails"" because those rows are priced per email."	classified_high	`Count`
value_high	Entity predicate (PricingUnit)	specification/appendix/saas_examples/billing_scenario_examples.md	411	249	Emails	"* [PricingUnit](#datamodel.costandusage.pricingunit) is ""Count"" on the Purchase row because the plan fee is a single monthly purchase, not denominated in the usage unit (emails). On Usage rows, [PricingUnit](#datamodel.costandusage.pricingunit) is ""Emails"" because those rows are priced per email."	classified_high	`Emails`
value_high	Entity predicate (ChargeFrequency)	specification/appendix/saas_examples/billing_scenario_examples.md	412	65	Recurring	"* [ChargeFrequency](#datamodel.costandusage.chargefrequency) is ""Recurring"" on the Purchase rows (the plan fee recurs monthly). On the Usage rows, [ChargeFrequency](#datamodel.costandusage.chargefrequency) is ""Usage-Based"" for both Used and Unused rows because the amounts vary based on actual email consumption each period."	classified_high	`Recurring`
value_high	Entity predicate (ChargeFrequency)	specification/appendix/saas_examples/billing_scenario_examples.md	412	210	Usage-Based	"* [ChargeFrequency](#datamodel.costandusage.chargefrequency) is ""Recurring"" on the Purchase rows (the plan fee recurs monthly). On the Usage rows, [ChargeFrequency](#datamodel.costandusage.chargefrequency) is ""Usage-Based"" for both Used and Unused rows because the amounts vary based on actual email consumption each period."	classified_high	`Usage-Based`
value_high	Linked entity predicate	specification/appendix/invoice_and_billing_period_handling.md	13	190	Issued	"Before an [*invoice is issued*](#glossary:issued-invoice), i.e., before the [Invoice Issue Status](#datamodel.invoicedetail.invoiceissuestatus) in the Invoice Detail dataset transitions to ""Issued"", data generators typically perform internal *invoice reconciliation* to ensure consistency between the invoice, the Invoice Detail dataset, and the Cost and Usage dataset."	classified_high	`Issued`
ambiguous	No deterministic value relationship	specification/appendix/correction_handling_examples/correction_handling_examples_overview.md	5	120	Open	"The examples that follow are sectioned by [Billing Period Status](#datamodel.billingperiod.billingperiodstatus) (i.e., ""Open"" or ""Closed"") and Billing Period Category (i.e., current open period, or previous open period, or closed):"	manual_apply	`Open`
ambiguous	No deterministic value relationship	specification/appendix/correction_handling_examples/correction_handling_examples_overview.md	5	130	Closed	"The examples that follow are sectioned by [Billing Period Status](#datamodel.billingperiod.billingperiodstatus) (i.e., ""Open"" or ""Closed"") and Billing Period Category (i.e., current open period, or previous open period, or closed):"	manual_apply	`Closed`
value_high	Entity predicate (ChargeCategory)	specification/appendix/correction_handling_examples/open_billing_period.md	108	52	Adjustment	"* Each correction record has ChargeCategory set to ""Adjustment"", which is the only valid value when both PricingQuantity and ChargeClass are null, due to the normative requirement that PricingQuantity must not be null when ChargeCategory is ""Usage"" or ""Purchase"" and ChargeClass is not ""Correction""."	classified_high	`Adjustment`
value_high	Entity predicate (PricingQuantity)	specification/appendix/correction_handling_examples/open_billing_period.md	108	242	Usage	"* Each correction record has ChargeCategory set to ""Adjustment"", which is the only valid value when both PricingQuantity and ChargeClass are null, due to the normative requirement that PricingQuantity must not be null when ChargeCategory is ""Usage"" or ""Purchase"" and ChargeClass is not ""Correction""."	classified_high	`Usage`
value_high	Same line as explicit value context	specification/appendix/correction_handling_examples/open_billing_period.md	108	253	Purchase	"* Each correction record has ChargeCategory set to ""Adjustment"", which is the only valid value when both PricingQuantity and ChargeClass are null, due to the normative requirement that PricingQuantity must not be null when ChargeCategory is ""Usage"" or ""Purchase"" and ChargeClass is not ""Correction""."	classified_high	`Purchase`
value_high	Entity predicate (PricingQuantity)	specification/appendix/correction_handling_examples/open_billing_period.md	108	287	Correction	"* Each correction record has ChargeCategory set to ""Adjustment"", which is the only valid value when both PricingQuantity and ChargeClass are null, due to the normative requirement that PricingQuantity must not be null when ChargeCategory is ""Usage"" or ""Purchase"" and ChargeClass is not ""Correction""."	classified_high	`Correction`
value_high	Entity predicate (ChargeCategory)	specification/appendix/correction_handling_examples/open_billing_period.md	139	51	Adjustment	"* The correction record has ChargeCategory set to ""Adjustment"", which is the only valid value when both PricingQuantity and ChargeClass are null, due to the normative requirement that PricingQuantity must not be null when ChargeCategory is ""Usage"" or ""Purchase"" and ChargeClass is not ""Correction""."	classified_high	`Adjustment`
value_high	Entity predicate (PricingQuantity)	specification/appendix/correction_handling_examples/open_billing_period.md	139	241	Usage	"* The correction record has ChargeCategory set to ""Adjustment"", which is the only valid value when both PricingQuantity and ChargeClass are null, due to the normative requirement that PricingQuantity must not be null when ChargeCategory is ""Usage"" or ""Purchase"" and ChargeClass is not ""Correction""."	classified_high	`Usage`
value_high	Same line as explicit value context	specification/appendix/correction_handling_examples/open_billing_period.md	139	252	Purchase	"* The correction record has ChargeCategory set to ""Adjustment"", which is the only valid value when both PricingQuantity and ChargeClass are null, due to the normative requirement that PricingQuantity must not be null when ChargeCategory is ""Usage"" or ""Purchase"" and ChargeClass is not ""Correction""."	classified_high	`Purchase`
value_high	Entity predicate (PricingQuantity)	specification/appendix/correction_handling_examples/open_billing_period.md	139	286	Correction	"* The correction record has ChargeCategory set to ""Adjustment"", which is the only valid value when both PricingQuantity and ChargeClass are null, due to the normative requirement that PricingQuantity must not be null when ChargeCategory is ""Usage"" or ""Purchase"" and ChargeClass is not ""Correction""."	classified_high	`Correction`
value_high	Entity predicate (ChargeClass)	specification/appendix/correction_handling_examples/closed_billing_period.md	11	116	Correction	"Corrections are applied to the open billing period rather than modifying the closed one. The ChargeClass is set to ""Correction"", and the BillingPeriodStart/End reflect the current open period (June). However, the ChargePeriodStart/End remain mapped to the original timeframe (May) to preserve the historical accuracy of when the cost was incurred."	classified_high	`Correction`
value_high	Entity predicate (ChargeClass)	specification/appendix/correction_handling_examples/closed_billing_period.md	34	46	Correction	"* Correction records have ChargeClass set to ""Correction"", indicating they reallocate cost from a previously closed billing period."	classified_high	`Correction`
value_high	Entity predicate (ChargeClass)	specification/appendix/correction_handling_examples/closed_billing_period.md	62	48	Correction	"* The correction record has ChargeClass set to ""Correction"", indicating it accounts for usage from a previously closed billing period."	classified_high	`Correction`
value_high	Entity predicate (ChargeClass)	specification/appendix/correction_handling_examples/closed_billing_period.md	86	49	Correction	"* Each correction record has ChargeClass set to ""Correction"", indicating it reconciles cost discrepancies from a previously closed billing period."	classified_high	`Correction`
value_high	Entity predicate (ChargeCategory)	specification/appendix/correction_handling_examples/closed_billing_period.md	88	52	Adjustment	"* Each correction record has ChargeCategory set to ""Adjustment"". While in this case ""Usage"" might be more precise and is permitted (since ChargeClass is ""Correction""), ""Adjustment"" was selected to denote a cost-only correction due to a rounding error."	classified_high	`Adjustment`
value_high	Same line as explicit value context	specification/appendix/correction_handling_examples/closed_billing_period.md	88	85	Usage	"* Each correction record has ChargeCategory set to ""Adjustment"". While in this case ""Usage"" might be more precise and is permitted (since ChargeClass is ""Correction""), ""Adjustment"" was selected to denote a cost-only correction due to a rounding error."	classified_high	`Usage`
value_high	Entity predicate (ChargeCategory)	specification/appendix/correction_handling_examples/closed_billing_period.md	88	154	Correction	"* Each correction record has ChargeCategory set to ""Adjustment"". While in this case ""Usage"" might be more precise and is permitted (since ChargeClass is ""Correction""), ""Adjustment"" was selected to denote a cost-only correction due to a rounding error."	classified_high	`Correction`
value_high	Same line as explicit value context	specification/appendix/correction_handling_examples/closed_billing_period.md	88	169	Adjustment	"* Each correction record has ChargeCategory set to ""Adjustment"". While in this case ""Usage"" might be more precise and is permitted (since ChargeClass is ""Correction""), ""Adjustment"" was selected to denote a cost-only correction due to a rounding error."	classified_high	`Adjustment`
value_high	Entity predicate (ChargeClass)	specification/appendix/correction_handling_examples/closed_billing_period.md	109	48	Correction	"* The correction record has ChargeClass set to ""Correction"", indicating it reconciles cost discrepancies from a previously closed billing period."	classified_high	`Correction`
value_high	Entity predicate (ChargeCategory)	specification/appendix/correction_handling_examples/closed_billing_period.md	111	51	Adjustment	"* The correction record has ChargeCategory set to ""Adjustment"". While in this case ""Usage"" might be more precise and is permitted (since ChargeClass is ""Correction""), ""Adjustment"" was selected to denote a cost-only correction due to a rounding error."	classified_high	`Adjustment`
value_high	Same line as explicit value context	specification/appendix/correction_handling_examples/closed_billing_period.md	111	84	Usage	"* The correction record has ChargeCategory set to ""Adjustment"". While in this case ""Usage"" might be more precise and is permitted (since ChargeClass is ""Correction""), ""Adjustment"" was selected to denote a cost-only correction due to a rounding error."	classified_high	`Usage`
value_high	Entity predicate (ChargeCategory)	specification/appendix/correction_handling_examples/closed_billing_period.md	111	153	Correction	"* The correction record has ChargeCategory set to ""Adjustment"". While in this case ""Usage"" might be more precise and is permitted (since ChargeClass is ""Correction""), ""Adjustment"" was selected to denote a cost-only correction due to a rounding error."	classified_high	`Correction`
value_high	Same line as explicit value context	specification/appendix/correction_handling_examples/closed_billing_period.md	111	168	Adjustment	"* The correction record has ChargeCategory set to ""Adjustment"". While in this case ""Usage"" might be more precise and is permitted (since ChargeClass is ""Correction""), ""Adjustment"" was selected to denote a cost-only correction due to a rounding error."	classified_high	`Adjustment`
value_review	Owning entity file (BillingPeriodStatus)	specification/datasets/billing_period/columns/billingperiodstatus.md	3	73	Open	"Billing Period Status represents the state of the billing period (i.e., ""Open"" or ""Closed""). This status helps FinOps practitioners determine if the [Cost and Usage](#datamodel.costandusage) and [Invoice Detail](#datamodel.invoicedetail) data for a given period is preliminary and subject to change, or if all anticipated invoices have been issued and the delivered data is finalized and ready for formal financial reporting and showback/chargeback processes."	owning_entity_review	`Open`
value_review	Owning entity file (BillingPeriodStatus)	specification/datasets/billing_period/columns/billingperiodstatus.md	3	83	Closed	"Billing Period Status represents the state of the billing period (i.e., ""Open"" or ""Closed""). This status helps FinOps practitioners determine if the [Cost and Usage](#datamodel.costandusage) and [Invoice Detail](#datamodel.invoicedetail) data for a given period is preliminary and subject to change, or if all anticipated invoices have been issued and the delivered data is finalized and ready for formal financial reporting and showback/chargeback processes."	owning_entity_review	`Closed`
value_high	Entity predicate (BillingPeriodStatus)	specification/datasets/billing_period/columns/billingperiodstatus.md	13	35	Open	"* BillingPeriodStatus MUST NOT be ""Open"" following a previous status of ""Closed"", except when explicitly requested or approved by the customer."	classified_high	`Open`
value_high	Explicit value context	specification/datasets/billing_period/columns/billingperiodstatus.md	13	73	Closed	"* BillingPeriodStatus MUST NOT be ""Open"" following a previous status of ""Closed"", except when explicitly requested or approved by the customer."	classified_high	`Closed`
value_review	Owning entity file (BillingPeriodStatus)	specification/datasets/billing_period/columns/billingperiodstatus.md	24	27	Open	"While the transition from ""Open"" to ""Closed"" typically signifies the end of a billing cycle, in scenarios such as the following, it may be necessary to provide corrections to closed billing periods:"	owning_entity_review	`Open`
value_review	Owning entity file (BillingPeriodStatus)	specification/datasets/billing_period/columns/billingperiodstatus.md	24	37	Closed	"While the transition from ""Open"" to ""Closed"" typically signifies the end of a billing cycle, in scenarios such as the following, it may be necessary to provide corrections to closed billing periods:"	owning_entity_review	`Closed`
value_review	Owning entity file (BillingPeriodStatus)	specification/datasets/billing_period/columns/billingperiodstatus.md	30	309	Closed	"Corrections to closed billing periods are generally represented in the context of a subsequent open billing period to preserve historical financial accuracy and ensure transparent tracking. Exceptionally, a previously closed billing period may be reopened to apply such corrections, but this transition from ""Closed"" to ""Open"" must be explicitly requested or approved by the customer to maintain auditability and the integrity of financial reporting."	owning_entity_review	`Closed`
value_review	Owning entity file (BillingPeriodStatus)	specification/datasets/billing_period/columns/billingperiodstatus.md	30	321	Open	"Corrections to closed billing periods are generally represented in the context of a subsequent open billing period to preserve historical financial accuracy and ensure transparent tracking. Exceptionally, a previously closed billing period may be reopened to apply such corrections, but this transition from ""Closed"" to ""Open"" must be explicitly requested or approved by the customer to maintain auditability and the integrity of financial reporting."	owning_entity_review	`Open`
value_review	Owning entity file (BillingPeriodStatus)	specification/datasets/billing_period/columns/billingperiodstatus.md	48	40	Open	"The state of the billing period (i.e., ""Open"" or ""Closed""), indicating whether the delivered data for the period is preliminary, or if all anticipated invoices have been issued and the delivered data is finalized."	owning_entity_review	`Open`
value_review	Owning entity file (BillingPeriodStatus)	specification/datasets/billing_period/columns/billingperiodstatus.md	48	50	Closed	"The state of the billing period (i.e., ""Open"" or ""Closed""), indicating whether the delivered data for the period is preliminary, or if all anticipated invoices have been issued and the delivered data is finalized."	owning_entity_review	`Closed`
ambiguous	No deterministic value relationship	specification/supported_features/commitment_program_eligibility_details.md	15	90	Flexible Spend Plan	"* Do not encode period length, payment option, or other commitment attributes (e.g., use ""Flexible Spend Plan"" rather than ""1 Year Flexible Spend Plan No Upfront"")."	manual_apply	`Flexible Spend Plan`
ambiguous	No deterministic value relationship	specification/supported_features/commitment_program_eligibility_details.md	15	124	1 Year Flexible Spend Plan No Upfront	"* Do not encode period length, payment option, or other commitment attributes (e.g., use ""Flexible Spend Plan"" rather than ""1 Year Flexible Spend Plan No Upfront"")."	manual_apply	`1 Year Flexible Spend Plan No Upfront`
ambiguous	No deterministic value relationship	specification/supported_features/commitment_program_eligibility_details.md	52	22	Usage	"The query filters to ""Usage"" charges where [CommitmentProgramEligibilityDetails](#datamodel.costandusage.commitmentprogrameligibilitydetails) is populated (the charge is eligible) and [CommitmentDiscountId](#datamodel.costandusage.commitmentdiscountid) is null (no [*commitment*](#glossary:commitment) is applied). It then expands the `CommitmentPrograms` array to aggregate eligible spend per `ProgramType`. This query uses BilledCost rather than EffectiveCost because the charges are uncovered (CommitmentDiscountId IS NULL), so BilledCost reflects the actual amount paid and the savings opportunity."	manual_apply	`Usage`
ambiguous	No deterministic value relationship	specification/supported_features/commitment_program_eligibility_details.md	82	58	Unused	"Note: Unused commitment rows (CommitmentDiscountStatus = ""Unused"") have CommitmentDiscountId populated and will artificially inflate both the numerator and the denominator if left in the dataset. To calculate a true, utilization-adjusted coverage rate, practitioners should additionally filter out these rows (e.g., AND CU.CommitmentDiscountStatus != 'Unused')."	manual_apply	`Unused`
ambiguous	No deterministic value relationship	specification/supported_features/commitment_program_eligibility_details.md	152	204	Advance Resource Commitment	"The query filters [CommitmentProgramEligibilityDetails](#datamodel.costandusage.commitmentprogrameligibilitydetails) to rows whose `ProgramType` values correspond to capacity-reservation programs (e.g., ""Advance Resource Commitment"", ""Zonal Resource Commitment""). It then uses CapacityReservationId and CapacityReservationStatus to determine reservation utilization."	manual_apply	`Advance Resource Commitment`
ambiguous	No deterministic value relationship	specification/supported_features/commitment_program_eligibility_details.md	152	235	Zonal Resource Commitment	"The query filters [CommitmentProgramEligibilityDetails](#datamodel.costandusage.commitmentprogrameligibilitydetails) to rows whose `ProgramType` values correspond to capacity-reservation programs (e.g., ""Advance Resource Commitment"", ""Zonal Resource Commitment""). It then uses CapacityReservationId and CapacityReservationStatus to determine reservation utilization."	manual_apply	`Zonal Resource Commitment`
value_high	Explicit value context	specification/appendix/ai_model_identity_examples.md	27	280	Input Tokens	"* The split between input and output tokens is structural. Each is a separate [*SKU*](#glossary:sku) with its own [SkuId](#datamodel.costandusage.skuid) and [SkuPriceId](#datamodel.costandusage.skupriceid), distinguished by [SkuMeter](#datamodel.costandusage.skumeter) values of ""Input Tokens"" and ""Output Tokens"". No separate token-type property is used."	classified_high	`Input Tokens`
value_high	Same line as explicit value context	specification/appendix/ai_model_identity_examples.md	27	299	Output Tokens	"* The split between input and output tokens is structural. Each is a separate [*SKU*](#glossary:sku) with its own [SkuId](#datamodel.costandusage.skuid) and [SkuPriceId](#datamodel.costandusage.skupriceid), distinguished by [SkuMeter](#datamodel.costandusage.skumeter) values of ""Input Tokens"" and ""Output Tokens"". No separate token-type property is used."	classified_high	`Output Tokens`
value_high	Entity predicate (ConsumedQuantity)	specification/appendix/ai_model_identity_examples.md	28	150	Tokens	"* [ConsumedQuantity](#datamodel.costandusage.consumedquantity) holds the raw token count and [ConsumedUnit](#datamodel.costandusage.consumedunit) is ""Tokens"", while [PricingQuantity](#datamodel.costandusage.pricingquantity) holds the priced volume and [PricingUnit](#datamodel.costandusage.pricingunit) is ""1000000 Tokens""."	classified_high	`Tokens`
value_high	Entity predicate (PricingQuantity)	specification/appendix/ai_model_identity_examples.md	28	307	1000000 Tokens	"* [ConsumedQuantity](#datamodel.costandusage.consumedquantity) holds the raw token count and [ConsumedUnit](#datamodel.costandusage.consumedunit) is ""Tokens"", while [PricingQuantity](#datamodel.costandusage.pricingquantity) holds the priced volume and [PricingUnit](#datamodel.costandusage.pricingunit) is ""1000000 Tokens""."	classified_high	`1000000 Tokens`
ambiguous	No deterministic value relationship	specification/appendix/ai_model_identity_examples.md	42	19	Solora AI	"* ModelDeveloper (""Solora AI"") differs from ServiceProviderName (""LatticeScale""). The model developer is not represented by any existing participating-entity column, which is why model identity is carried as its own property."	manual_apply	`Solora AI`
ambiguous	No deterministic value relationship	specification/appendix/ai_model_identity_examples.md	42	66	LatticeScale	"* ModelDeveloper (""Solora AI"") differs from ServiceProviderName (""LatticeScale""). The model developer is not represented by any existing participating-entity column, which is why model identity is carried as its own property."	manual_apply	`LatticeScale`
ambiguous	No deterministic value relationship	specification/appendix/ai_model_identity_examples.md	43	63	latticescale.solora-reasoning-pro	"* The served ModelId is namespaced by the *service provider* (""latticescale.solora-reasoning-pro""), so the other model-identity properties (ModelDeveloper, ModelFamily, and ModelVersion) are what associate the charge with the underlying model across *service providers*."	manual_apply	`latticescale.solora-reasoning-pro`
ambiguous	No deterministic value relationship	specification/supported_features/effective_cost.md	7	584	Used	"For [*charges*](#glossary:charge) that are not *covered charges*, EffectiveCost reflects the same amount as [BilledCost](#datamodel.costandusage.billedcost). For *covering charges* (e.g., [*commitment discount*](#glossary:commitment-discount) purchases, prepayments, or marketplace purchases), EffectiveCost is 0 because their cost is recognized on the *covered charges* instead. In *commitment discount* scenarios, [CommitmentDiscountStatus](#datamodel.costandusage.commitmentdiscountstatus) distinguishes whether amortized cost was allocated to consumed *resources* or *services* (""Used"") or remained unallocated (""Unused"")."	manual_apply	`Used`
ambiguous	No deterministic value relationship	specification/supported_features/effective_cost.md	7	617	Unused	"For [*charges*](#glossary:charge) that are not *covered charges*, EffectiveCost reflects the same amount as [BilledCost](#datamodel.costandusage.billedcost). For *covering charges* (e.g., [*commitment discount*](#glossary:commitment-discount) purchases, prepayments, or marketplace purchases), EffectiveCost is 0 because their cost is recognized on the *covered charges* instead. In *commitment discount* scenarios, [CommitmentDiscountStatus](#datamodel.costandusage.commitmentdiscountstatus) distinguishes whether amortized cost was allocated to consumed *resources* or *services* (""Used"") or remained unallocated (""Unused"")."	manual_apply	`Unused`
value_high	Entity predicate (BillingPeriodStatus)	specification/datasets/invoice_detail/columns/invoicedetailcreated.md	13	560	Closed	"* InvoiceDetailCreated for a given [BillingPeriodStart](#datamodel.invoicedetail.billingperiodstart) and [InvoiceIssuerName](#datamodel.invoicedetail.invoiceissuername) MUST be earlier than or equal to [BillingPeriod.BillingPeriodLastUpdated](#datamodel.billingperiod.billingperiodlastupdated) for the same [BillingPeriod.BillingPeriodStart](#datamodel.billingperiod.billingperiodstart) and [BillingPeriod.InvoiceIssuerName](#datamodel.billingperiod.invoiceissuername) when [BillingPeriod.BillingPeriodStatus](#datamodel.billingperiod.billingperiodstatus) is ""Closed""."	classified_high	`Closed`
value_high	Entity predicate (InvoiceIssueStatus)	specification/datasets/invoice_detail/columns/billedcost.md	20	385	Issued	"* The sum of BilledCost for a given [InvoiceDetailId](#datamodel.invoicedetail.invoicedetailid), [InvoiceId](#datamodel.invoicedetail.invoiceid), and [InvoiceIssuerName](#datamodel.invoicedetail.invoiceissuername) MUST be equal to the payable amount provided in the corresponding entries on the issued invoice when [InvoiceIssueStatus](#datamodel.invoicedetail.invoiceissuestatus) is ""Issued""."	classified_high	`Issued`
value_high	Entity predicate (ChargeCategory)	specification/datasets/invoice_detail/columns/billedcost.md	22	75	Tax	"* When [ChargeCategory](#datamodel.invoicedetail.chargecategory) is not ""Tax"" and [InvoiceIssueStatus](#datamodel.invoicedetail.invoiceissuestatus) is not ""Open"", the sum of BilledCost MUST NOT differ from the sum of [CostAndUsage.BilledCost](#datamodel.costandusage.billedcost) by more than `MAX(100 × Subunit, (SQRT(Rows) × 0.5) × Subunit)` as defined in [Rounding Variance Tolerance](#appendix.roundingvariancetolerance)."	classified_high	`Tax`
value_high	Entity predicate (InvoiceIssueStatus)	specification/datasets/invoice_detail/columns/billedcost.md	22	158	Open	"* When [ChargeCategory](#datamodel.invoicedetail.chargecategory) is not ""Tax"" and [InvoiceIssueStatus](#datamodel.invoicedetail.invoiceissuestatus) is not ""Open"", the sum of BilledCost MUST NOT differ from the sum of [CostAndUsage.BilledCost](#datamodel.costandusage.billedcost) by more than `MAX(100 × Subunit, (SQRT(Rows) × 0.5) × Subunit)` as defined in [Rounding Variance Tolerance](#appendix.roundingvariancetolerance)."	classified_high	`Open`
value_high	Entity predicate (ChargeCategory)	specification/datasets/invoice_detail/columns/billedcost.md	23	71	Tax	"* When [ChargeCategory](#datamodel.invoicedetail.chargecategory) is ""Tax"" or [InvoiceIssueStatus](#datamodel.invoicedetail.invoiceissuestatus) is ""Open"", the sum of BilledCost MAY differ from the sum of [CostAndUsage.BilledCost](#datamodel.costandusage.billedcost)."	classified_high	`Tax`
value_high	Entity predicate (InvoiceIssueStatus)	specification/datasets/invoice_detail/columns/billedcost.md	23	149	Open	"* When [ChargeCategory](#datamodel.invoicedetail.chargecategory) is ""Tax"" or [InvoiceIssueStatus](#datamodel.invoicedetail.invoiceissuestatus) is ""Open"", the sum of BilledCost MAY differ from the sum of [CostAndUsage.BilledCost](#datamodel.costandusage.billedcost)."	classified_high	`Open`
value_high	Entity predicate (InvoiceIssueStatus)	specification/datasets/invoice_detail/columns/billedcost.md	25	83	Open	"* When [InvoiceIssueStatus](#datamodel.invoicedetail.invoiceissuestatus) is not ""Open"", the sum of BilledCost MUST NOT differ from the sum of [CostAndUsage.BilledCost](#datamodel.costandusage.billedcost) by more than `MAX(100 × Subunit, (SQRT(Rows) × 0.5) × Subunit)` as defined in [Rounding Variance Tolerance](#appendix.roundingvariancetolerance)."	classified_high	`Open`
value_high	Entity predicate (InvoiceIssueStatus)	specification/datasets/invoice_detail/columns/billedcost.md	26	79	Open	"* When [InvoiceIssueStatus](#datamodel.invoicedetail.invoiceissuestatus) is ""Open"", the sum of BilledCost MAY differ from the sum of [CostAndUsage.BilledCost](#datamodel.costandusage.billedcost)."	classified_high	`Open`
value_high	Entity predicate (InvoiceIssueStatus)	specification/datasets/invoice_detail/columns/invoiceissuestatus.md	14	34	Open	"* InvoiceIssueStatus MUST NOT be ""Open"" following a previous status of ""Issued"", except when explicitly requested or approved by the customer."	classified_high	`Open`
value_high	Explicit value context	specification/datasets/invoice_detail/columns/invoiceissuestatus.md	14	72	Issued	"* InvoiceIssueStatus MUST NOT be ""Open"" following a previous status of ""Issued"", except when explicitly requested or approved by the customer."	classified_high	`Issued`
value_review	Owning entity file (InvoiceIssueStatus)	specification/datasets/invoice_detail/columns/invoiceissuestatus.md	26	21	Open	"The transition from ""Open"" to ""Issued"" typically signifies that an invoice has been finalized, invoice reconciliation has been performed, and the delivered data is accurate. However, when the delivered data is found to be inaccurate or incomplete, it may be necessary to apply corrections to records associated with the issued invoice."	owning_entity_review	`Open`
value_review	Owning entity file (InvoiceIssueStatus)	specification/datasets/invoice_detail/columns/invoiceissuestatus.md	26	31	Issued	"The transition from ""Open"" to ""Issued"" typically signifies that an invoice has been finalized, invoice reconciliation has been performed, and the delivered data is accurate. However, when the delivered data is found to be inaccurate or incomplete, it may be necessary to apply corrections to records associated with the issued invoice."	owning_entity_review	`Issued`
value_review	Owning entity file (InvoiceIssueStatus)	specification/datasets/invoice_detail/columns/invoiceissuestatus.md	28	108	Issued	"If needed, a previously issued invoice may be reopened to apply such corrections, but this transition from ""Issued"" to ""Open"" must be explicitly requested or approved by the customer to maintain auditability."	owning_entity_review	`Issued`
value_review	Owning entity file (InvoiceIssueStatus)	specification/datasets/invoice_detail/columns/invoiceissuestatus.md	28	120	Open	"If needed, a previously issued invoice may be reopened to apply such corrections, but this transition from ""Issued"" to ""Open"" must be explicitly requested or approved by the customer to maintain auditability."	owning_entity_review	`Open`
value_review	Owning entity file (InvoiceIssueStatus)	specification/datasets/invoice_detail/columns/invoiceissuestatus.md	46	125	Open	"The publication state of the invoice and the reliability of its associated delivered data, indicating if it is provisional (""Open""), issued (""Issued""), or voided (""Voided"")."	owning_entity_review	`Open`
value_review	Owning entity file (InvoiceIssueStatus)	specification/datasets/invoice_detail/columns/invoiceissuestatus.md	46	142	Issued	"The publication state of the invoice and the reliability of its associated delivered data, indicating if it is provisional (""Open""), issued (""Issued""), or voided (""Voided"")."	owning_entity_review	`Issued`
value_review	Owning entity file (InvoiceIssueStatus)	specification/datasets/invoice_detail/columns/invoiceissuestatus.md	46	164	Voided	"The publication state of the invoice and the reliability of its associated delivered data, indicating if it is provisional (""Open""), issued (""Issued""), or voided (""Voided"")."	owning_entity_review	`Voided`
value_high	Entity predicate (ChargeCategory)	specification/datasets/invoice_detail/columns/chargecategory.md	13	28	Usage	"* ChargeCategory MUST be ""Usage"" when the *charge* represents consumption of a service or resource."	classified_high	`Usage`
value_high	Entity predicate (ChargeCategory)	specification/datasets/invoice_detail/columns/chargecategory.md	14	28	Purchase	"* ChargeCategory MUST be ""Purchase"" when the *charge* represents acquisition of a service, resource, or *commitment*."	classified_high	`Purchase`
value_high	Entity predicate (ChargeCategory)	specification/datasets/invoice_detail/columns/chargecategory.md	15	28	Tax	"* ChargeCategory MUST be ""Tax"" when the *charge* represents taxes levied by the relevant authorities."	classified_high	`Tax`
value_high	Entity predicate (ChargeCategory)	specification/datasets/invoice_detail/columns/chargecategory.md	16	28	Credit	"* ChargeCategory MUST be ""Credit"" when the *charge* represents a financial incentive or allowance unrelated to other *charges*."	classified_high	`Credit`
value_high	Entity predicate (ChargeCategory)	specification/datasets/invoice_detail/columns/chargecategory.md	17	28	Adjustment	"* ChargeCategory MUST be ""Adjustment"" when the *charge* represents a billing modification that does not fall into other ChargeCategories."	classified_high	`Adjustment`
value_high	Entity predicate (ChargeCategory)	specification/datasets/invoice_detail/columns/chargecategory.md	19	27	Usage	"* ChargeCategory MAY be ""Usage"" when the record aggregates *charges* across multiple allowed values other than ""Tax"" (e.g., aggregation of ""Usage"" and ""Credit"" is allowed, but not ""Usage"" and ""Tax"")."	classified_high	`Usage`
value_high	Explicit allowed-value context	specification/datasets/invoice_detail/columns/chargecategory.md	19	114	Tax	"* ChargeCategory MAY be ""Usage"" when the record aggregates *charges* across multiple allowed values other than ""Tax"" (e.g., aggregation of ""Usage"" and ""Credit"" is allowed, but not ""Usage"" and ""Tax"")."	classified_high	`Tax`
value_high	Normative entity context (ChargeCategory)	specification/datasets/invoice_detail/columns/chargecategory.md	19	142	Usage	"* ChargeCategory MAY be ""Usage"" when the record aggregates *charges* across multiple allowed values other than ""Tax"" (e.g., aggregation of ""Usage"" and ""Credit"" is allowed, but not ""Usage"" and ""Tax"")."	classified_high	`Usage`
value_high	Normative entity context (ChargeCategory)	specification/datasets/invoice_detail/columns/chargecategory.md	19	154	Credit	"* ChargeCategory MAY be ""Usage"" when the record aggregates *charges* across multiple allowed values other than ""Tax"" (e.g., aggregation of ""Usage"" and ""Credit"" is allowed, but not ""Usage"" and ""Tax"")."	classified_high	`Credit`
value_high	Normative entity context (ChargeCategory)	specification/datasets/invoice_detail/columns/chargecategory.md	19	183	Usage	"* ChargeCategory MAY be ""Usage"" when the record aggregates *charges* across multiple allowed values other than ""Tax"" (e.g., aggregation of ""Usage"" and ""Credit"" is allowed, but not ""Usage"" and ""Tax"")."	classified_high	`Usage`
value_high	Normative entity context (ChargeCategory)	specification/datasets/invoice_detail/columns/chargecategory.md	19	195	Tax	"* ChargeCategory MAY be ""Usage"" when the record aggregates *charges* across multiple allowed values other than ""Tax"" (e.g., aggregation of ""Usage"" and ""Credit"" is allowed, but not ""Usage"" and ""Tax"")."	classified_high	`Tax`
value_review	Owning entity file (ChargeCategory)	specification/datasets/invoice_detail/columns/chargecategory.md	33	548	Usage	"Unlike the [CostAndUsage](#datamodel.costandusage) dataset, which requires strict categorization per row, [InvoiceDetail](#datamodel.invoicedetail) records are designed to align with physical or electronic invoice line items. When the invoice does not provide an explicit charge category for a line item, a single line item may inherently represent a mix of charge categories (e.g., combining base usage and promotional credits). To accurately reflect the issued invoice without breaking schema validation, the `InvoiceDetail` dataset permits the ""Usage"" category to represent an aggregate of multiple charge categories, provided that ""Tax"" charges are kept distinctly separate."	owning_entity_review	`Usage`
value_review	Owning entity file (ChargeCategory)	specification/datasets/invoice_detail/columns/chargecategory.md	33	636	Tax	"Unlike the [CostAndUsage](#datamodel.costandusage) dataset, which requires strict categorization per row, [InvoiceDetail](#datamodel.invoicedetail) records are designed to align with physical or electronic invoice line items. When the invoice does not provide an explicit charge category for a line item, a single line item may inherently represent a mix of charge categories (e.g., combining base usage and promotional credits). To accurately reflect the issued invoice without breaking schema validation, the `InvoiceDetail` dataset permits the ""Usage"" category to represent an aggregate of multiple charge categories, provided that ""Tax"" charges are kept distinctly separate."	owning_entity_review	`Tax`
value_high	Normative entity context (PaymentTerms)	specification/datasets/invoice_detail/columns/paymentterms.md	12	56	Net 30	"* PaymentTerms MUST represent the payment terms (e.g., ""Net 30"") as defined on the corresponding invoice."	classified_high	`Net 30`
ambiguous	No deterministic value relationship	specification/appendix/examples/commitment_discount_flexibility_examples/one_hundred_percent_utilization_with_commitment_discount_flexibility_with_2_resources.md	33	54	Normalized Hour	"* 1 recurring, purchase record exists for 1 eligible ""Normalized Hour"" for a no upfront, *commitment discount* and incurs a $2.00 [*BilledCost*](#datamodel.costandusage.billedcost)."	manual_apply	`Normalized Hour`
ambiguous	No deterministic value relationship	specification/appendix/examples/commitment_discount_flexibility_examples/zero_percent_utilization_without_commitment_discount_flexibility.md	33	54	Hour	"* 1 recurring, purchase record exists for 1 eligible ""Hour"" of the no upfront, *commitment discount* and incurs a $1.50 [*BilledCost*](#datamodel.costandusage.billedcost)."	manual_apply	`Hour`
value_high	Entity predicate (CommitmentDiscountUnit)	specification/appendix/examples/commitment_discount_flexibility_examples/commitment_discount_flexibility_examples_overview.md	5	457	Hour	"When mixing usage-based commitment discounts with and without *commitment discount flexibility* and [*CommitmentDiscountQuantity*](#datamodel.costandusage.commitmentdiscountquantity) measured by time, it is important to differentiate the [*CommitmentDiscountUnit*](#datamodel.costandusage.commitmentdiscountunit) for each type of *commitment discount*. In each scenario below, *commitment discounts* *without* *commitment discount flexibility* applied use ""Hour"" as the *CommitmentDiscountUnit*, and conversely commitment discounts *with* *commitment discount flexibility* applied use ""Normalized Hour"" as the *CommitmentDiscountUnit*."	classified_high	`Hour`
value_high	Entity predicate (CommitmentDiscountUnit)	specification/appendix/examples/commitment_discount_flexibility_examples/commitment_discount_flexibility_examples_overview.md	5	586	Normalized Hour	"When mixing usage-based commitment discounts with and without *commitment discount flexibility* and [*CommitmentDiscountQuantity*](#datamodel.costandusage.commitmentdiscountquantity) measured by time, it is important to differentiate the [*CommitmentDiscountUnit*](#datamodel.costandusage.commitmentdiscountunit) for each type of *commitment discount*. In each scenario below, *commitment discounts* *without* *commitment discount flexibility* applied use ""Hour"" as the *CommitmentDiscountUnit*, and conversely commitment discounts *with* *commitment discount flexibility* applied use ""Normalized Hour"" as the *CommitmentDiscountUnit*."	classified_high	`Normalized Hour`
ambiguous	No deterministic value relationship	specification/appendix/examples/commitment_discount_flexibility_examples/one_hundred_percent_utilization_without_commitment_discount_flexibility.md	33	54	Hour	"* 1 recurring, purchase record exists for 1 eligible ""Hour"" of the no upfront, *commitment discount* and incurs a $1.50 [*BilledCost*](#datamodel.costandusage.billedcost)."	manual_apply	`Hour`
ambiguous	No deterministic value relationship	specification/appendix/examples/commitment_discount_flexibility_examples/one_hundred_percent_utilization_with_commitment_discount_flexibility_with_1_resource.md	33	54	Normalized Hour	"* 1 recurring, purchase record exists for 1 eligible ""Normalized Hour"" of the no upfront, *commitment discount* and incurs a $0.50 [*BilledCost*](#datamodel.costandusage.billedcost)."	manual_apply	`Normalized Hour`
ambiguous	No deterministic value relationship	specification/appendix/metadata_examples/dataset_instance_metadata_example.md	5	45	Cost and Usage Daily,	"CrestNode provides three dataset instances: ""Cost and Usage Daily,"" ""Cost and Usage Hourly,"" and ""Contract Commitments,"" corresponding to the FOCUS datasets Cost and Usage and Contract Commitment. CrestNode also provides a metadata directory containing a single file with metadata for each dataset instance."	manual_apply	`Cost and Usage Daily`,
ambiguous	No deterministic value relationship	specification/appendix/metadata_examples/dataset_instance_metadata_example.md	5	69	Cost and Usage Hourly,	"CrestNode provides three dataset instances: ""Cost and Usage Daily,"" ""Cost and Usage Hourly,"" and ""Contract Commitments,"" corresponding to the FOCUS datasets Cost and Usage and Contract Commitment. CrestNode also provides a metadata directory containing a single file with metadata for each dataset instance."	manual_apply	`Cost and Usage Hourly`,
ambiguous	No deterministic value relationship	specification/appendix/metadata_examples/dataset_instance_metadata_example.md	5	98	Contract Commitments,	"CrestNode provides three dataset instances: ""Cost and Usage Daily,"" ""Cost and Usage Hourly,"" and ""Contract Commitments,"" corresponding to the FOCUS datasets Cost and Usage and Contract Commitment. CrestNode also provides a metadata directory containing a single file with metadata for each dataset instance."	manual_apply	`Contract Commitments`,
value_high	Entity predicate (PricingQuantity)	specification/datasets/cost_and_usage/columns/pricingquantity.md	13	99	Tax	"* PricingQuantity MUST be null when [ChargeCategory](#datamodel.costandusage.chargecategory) is ""Tax""."	classified_high	`Tax`
value_high	Entity predicate (PricingQuantity)	specification/datasets/cost_and_usage/columns/pricingquantity.md	14	61	Usage	"* PricingQuantity MUST NOT be null when ChargeCategory is ""Usage"" or ""Purchase"" and [ChargeClass](#datamodel.costandusage.chargeclass) is not ""Correction""."	classified_high	`Usage`
value_high	Normative entity context (PricingQuantity)	specification/datasets/cost_and_usage/columns/pricingquantity.md	14	72	Purchase	"* PricingQuantity MUST NOT be null when ChargeCategory is ""Usage"" or ""Purchase"" and [ChargeClass](#datamodel.costandusage.chargeclass) is not ""Correction""."	classified_high	`Purchase`
value_high	Entity predicate (PricingQuantity)	specification/datasets/cost_and_usage/columns/pricingquantity.md	14	145	Correction	"* PricingQuantity MUST NOT be null when ChargeCategory is ""Usage"" or ""Purchase"" and [ChargeClass](#datamodel.costandusage.chargeclass) is not ""Correction""."	classified_high	`Correction`
value_review	Owning entity file (PricingQuantity)	specification/datasets/cost_and_usage/columns/pricingquantity.md	20	477	Usage	"**Aggregation:** When aggregating Pricing Quantity for commitment utilization calculations, it's important to exclude [*commitment discount*](#glossary:commitment-discount) purchases (i.e., when Charge Category is ""Purchase"") that are paid to cover future eligible [*charges*](#glossary:charge) (e.g., *commitment discount*). Otherwise, when accounting for all upfront or accrued purchases, it's important to exclude *commitment discount* usage (i.e., when Charge Category is ""Usage""). This exclusion helps prevent double counting of these quantities in the aggregation."	owning_entity_review	`Usage`
value_high	Entity predicate (ContractAppliedObject)	specification/datasets/cost_and_usage/columns/contractapplied.md	33	184	Purchase	"* ContractAppliedObject.Elements[\*].ContractCommitmentId MUST match [ResourceId](#datamodel.costandusage.resourceid) when [ChargeCategory](#datamodel.costandusage.chargecategory) is ""Purchase"" and the *charge* represents a purchase of that *contract commitment*."	classified_high	`Purchase`
value_high	Entity predicate (ContractAppliedObject)	specification/datasets/cost_and_usage/columns/contractapplied.md	34	104	Usage	"* ContractAppliedObject.Elements[\*].ContractCommitmentId MUST match ResourceId when ChargeCategory is ""Usage"" and the *charge* represents an unused portion of that *contract commitment*."	classified_high	`Usage`
value_high	Entity predicate (ChargeCategory)	specification/datasets/cost_and_usage/columns/chargecategory.md	12	26	Usage	"* ChargeCategory MUST be ""Usage"" when the *charge* represents consumption of a service or resource."	classified_high	`Usage`
value_high	Entity predicate (ChargeCategory)	specification/datasets/cost_and_usage/columns/chargecategory.md	13	26	Purchase	"* ChargeCategory MUST be ""Purchase"" when the *charge* represents acquisition of a service, resource, or *commitment*."	classified_high	`Purchase`
value_high	Entity predicate (ChargeCategory)	specification/datasets/cost_and_usage/columns/chargecategory.md	14	26	Tax	"* ChargeCategory MUST be ""Tax"" when the *charge* represents taxes levied by the relevant authorities."	classified_high	`Tax`
value_high	Entity predicate (ChargeCategory)	specification/datasets/cost_and_usage/columns/chargecategory.md	15	26	Credit	"* ChargeCategory MUST be ""Credit"" when the *charge* represents a financial incentive or allowance unrelated to other charges."	classified_high	`Credit`
value_high	Entity predicate (ChargeCategory)	specification/datasets/cost_and_usage/columns/chargecategory.md	16	26	Adjustment	"* ChargeCategory MUST be ""Adjustment"" when the *charge* represents a billing modification that does not fall into other ChargeCategories."	classified_high	`Adjustment`
value_high	Entity predicate (ChargeCategory)	specification/datasets/cost_and_usage/columns/effectivecost.md	18	104	Usage	"* EffectiveCost MUST equal BilledCost when [ChargeCategory](#datamodel.costandusage.chargecategory) is ""Usage"" and the *charge* is not *covered* by other eligible *charges*."	classified_high	`Usage`
value_high	Entity predicate (ChargeCategory)	specification/datasets/cost_and_usage/columns/effectivecost.md	19	62	Purchase	"* EffectiveCost MUST equal BilledCost when ChargeCategory is ""Purchase"" and the *charge* is neither intended to cover other eligible *charges* nor *covered* by other eligible *charges*."	classified_high	`Purchase`
value_high	Entity predicate (ChargeCategory)	specification/datasets/cost_and_usage/columns/effectivecost.md	20	62	Tax	"* EffectiveCost MUST equal BilledCost when ChargeCategory is ""Tax"" or ""Credit""."	classified_high	`Tax`
value_high	Normative entity context (ChargeCategory)	specification/datasets/cost_and_usage/columns/effectivecost.md	20	71	Credit	"* EffectiveCost MUST equal BilledCost when ChargeCategory is ""Tax"" or ""Credit""."	classified_high	`Credit`
value_high	Entity predicate (ChargeCategory)	specification/datasets/cost_and_usage/columns/effectivecost.md	21	67	Adjustment	"* EffectiveCost MAY differ from BilledCost when ChargeCategory is ""Adjustment""."	classified_high	`Adjustment`
value_high	Entity predicate (ChargeCategory)	specification/datasets/cost_and_usage/columns/effectivecost.md	22	147	Purchase	"* EffectiveCost MUST include any portion of the BilledCost of [*covering*](#glossary:covering-charge) purchase *charges* (i.e., ChargeCategory is ""Purchase"") that is applied to this *charge*."	classified_high	`Purchase`
value_high	Entity predicate (ChargeCategory)	specification/datasets/cost_and_usage/columns/effectivecost.md	23	50	Purchase	"* EffectiveCost MUST be 0 when ChargeCategory is ""Purchase"" and the purchase is intended to cover related eligible *charges*. This requirement applies even when the *covered charges* originate from different [CostAndUsage](#datamodel.costandusage) [*dataset instances*](#glossary:dataset-instance), possibly from a different [ServiceProviderName](#datamodel.costandusage.serviceprovidername)."	classified_high	`Purchase`
value_high	Entity predicate (CommitmentDiscountId)	specification/datasets/cost_and_usage/columns/commitmentdiscountid.md	16	157	Purchase	"* CommitmentDiscountId MUST be equal to [ResourceId](#datamodel.costandusage.resourceid) when [ChargeCategory](#datamodel.costandusage.chargecategory) is ""Purchase"" and the *charge* represents a purchase of that *commitment discount*."	classified_high	`Purchase`
value_high	Entity predicate (CommitmentDiscountId)	specification/datasets/cost_and_usage/columns/commitmentdiscountid.md	17	77	Usage	"* CommitmentDiscountId MUST be equal to ResourceId when ChargeCategory is ""Usage"" and the *charge* represents an unused portion of that *commitment discount*."	classified_high	`Usage`
value_high	Entity predicate (PricingCurrencyListUnitPrice)	specification/datasets/cost_and_usage/columns/pricingcurrencylistunitprice.md	13	112	Tax	"* PricingCurrencyListUnitPrice MUST be null when [ChargeCategory](#datamodel.costandusage.chargecategory) is ""Tax""."	classified_high	`Tax`
value_high	Entity predicate (PricingCurrencyListUnitPrice)	specification/datasets/cost_and_usage/columns/pricingcurrencylistunitprice.md	15	74	Usage	"* PricingCurrencyListUnitPrice MUST NOT be null when ChargeCategory is ""Usage"" or ""Purchase"" and [ChargeClass](#datamodel.costandusage.chargeclass) is not ""Correction""."	classified_high	`Usage`
value_high	Normative entity context (PricingCurrencyListUnitPrice)	specification/datasets/cost_and_usage/columns/pricingcurrencylistunitprice.md	15	85	Purchase	"* PricingCurrencyListUnitPrice MUST NOT be null when ChargeCategory is ""Usage"" or ""Purchase"" and [ChargeClass](#datamodel.costandusage.chargeclass) is not ""Correction""."	classified_high	`Purchase`
value_high	Entity predicate (PricingCurrencyListUnitPrice)	specification/datasets/cost_and_usage/columns/pricingcurrencylistunitprice.md	15	158	Correction	"* PricingCurrencyListUnitPrice MUST NOT be null when ChargeCategory is ""Usage"" or ""Purchase"" and [ChargeClass](#datamodel.costandusage.chargeclass) is not ""Correction""."	classified_high	`Correction`
value_high	Entity predicate (CommitmentDiscountStatus)	specification/datasets/cost_and_usage/columns/resourceid.md	17	215	Used	"* ResourceId MUST be the identifier of the *resource* that received the [*commitment discount*](#glossary:commitment-discount) when [CommitmentDiscountStatus](#datamodel.costandusage.commitmentdiscountstatus) is ""Used""."	classified_high	`Used`
value_high	Entity predicate (HostProviderName)	specification/datasets/cost_and_usage/columns/hostprovidername.md	15	218	Tax	"* HostProviderName MAY be NULL when the information about the entity providing the underlying infrastructure cannot be uniquely determined (e.g., when the [ChargeCategory](#datamodel.costandusage.chargecategory) is ""Tax"" or ""Adjustment"")."	classified_high	`Tax`
value_high	Normative entity context (ChargeCategory)	specification/datasets/cost_and_usage/columns/hostprovidername.md	15	227	Adjustment	"* HostProviderName MAY be NULL when the information about the entity providing the underlying infrastructure cannot be uniquely determined (e.g., when the [ChargeCategory](#datamodel.costandusage.chargecategory) is ""Tax"" or ""Adjustment"")."	classified_high	`Adjustment`
value_high	Entity predicate (PricingCategory)	specification/datasets/cost_and_usage/columns/pricingcategory.md	12	99	Tax	"* PricingCategory MUST be null when [ChargeCategory](#datamodel.costandusage.chargecategory) is ""Tax""."	classified_high	`Tax`
value_high	Entity predicate (PricingCategory)	specification/datasets/cost_and_usage/columns/pricingcategory.md	13	61	Usage	"* PricingCategory MUST NOT be null when ChargeCategory is ""Usage"" or ""Purchase"" and [ChargeClass](#datamodel.costandusage.chargeclass) is not ""Correction""."	classified_high	`Usage`
value_high	Normative entity context (PricingCategory)	specification/datasets/cost_and_usage/columns/pricingcategory.md	13	72	Purchase	"* PricingCategory MUST NOT be null when ChargeCategory is ""Usage"" or ""Purchase"" and [ChargeClass](#datamodel.costandusage.chargeclass) is not ""Correction""."	classified_high	`Purchase`
value_high	Entity predicate (PricingCategory)	specification/datasets/cost_and_usage/columns/pricingcategory.md	13	145	Correction	"* PricingCategory MUST NOT be null when ChargeCategory is ""Usage"" or ""Purchase"" and [ChargeClass](#datamodel.costandusage.chargeclass) is not ""Correction""."	classified_high	`Correction`
value_high	Entity predicate (PricingCategory)	specification/datasets/cost_and_usage/columns/pricingcategory.md	17	29	Standard	"* PricingCategory MUST be ""Standard"" when pricing is predetermined at the agreed upon rate for the [billing account](#glossary:billing-account)."	classified_high	`Standard`
value_high	Entity predicate (PricingCategory)	specification/datasets/cost_and_usage/columns/pricingcategory.md	18	29	Committed	"* PricingCategory MUST be ""Committed"" when the *charge* is subject to an existing *commitment discount* and is not the purchase of the *commitment discount*."	classified_high	`Committed`
value_high	Entity predicate (PricingCategory)	specification/datasets/cost_and_usage/columns/pricingcategory.md	19	29	Dynamic	"* PricingCategory MUST be ""Dynamic"" when pricing is determined by the service provider and may change over time, regardless of predetermined agreement pricing."	classified_high	`Dynamic`
value_high	Entity predicate (PricingCategory)	specification/datasets/cost_and_usage/columns/pricingcategory.md	20	29	Other	"* PricingCategory MUST be ""Other"" when there is a pricing model but none of the allowed values apply."	classified_high	`Other`
value_high	Entity predicate (ChargeCategory)	specification/datasets/cost_and_usage/columns/skupriceid.md	14	94	Tax	"* SkuPriceId MUST be null when [ChargeCategory](#datamodel.costandusage.chargecategory) is ""Tax""."	classified_high	`Tax`
value_high	Entity predicate (ChargeCategory)	specification/datasets/cost_and_usage/columns/skupriceid.md	15	56	Usage	"* SkuPriceId MUST NOT be null when ChargeCategory is ""Usage"" or ""Purchase"" and [ChargeClass](#datamodel.costandusage.chargeclass) is not ""Correction""."	classified_high	`Usage`
value_high	Normative entity context (ChargeCategory)	specification/datasets/cost_and_usage/columns/skupriceid.md	15	67	Purchase	"* SkuPriceId MUST NOT be null when ChargeCategory is ""Usage"" or ""Purchase"" and [ChargeClass](#datamodel.costandusage.chargeclass) is not ""Correction""."	classified_high	`Purchase`
value_high	Entity predicate (ChargeCategory)	specification/datasets/cost_and_usage/columns/skupriceid.md	15	140	Correction	"* SkuPriceId MUST NOT be null when ChargeCategory is ""Usage"" or ""Purchase"" and [ChargeClass](#datamodel.costandusage.chargeclass) is not ""Correction""."	classified_high	`Correction`
value_high	Entity predicate (ChargeCategory)	specification/datasets/cost_and_usage/columns/skupriceid.md	22	138	Usage	"* SkuPriceId MUST be associated with a given [*resource*](#glossary:resource) or [*service*](#glossary:service) when ChargeCategory is ""Usage"" or ""Purchase""."	classified_high	`Usage`
value_high	Normative entity context (ChargeCategory)	specification/datasets/cost_and_usage/columns/skupriceid.md	22	149	Purchase	"* SkuPriceId MUST be associated with a given [*resource*](#glossary:resource) or [*service*](#glossary:service) when ChargeCategory is ""Usage"" or ""Purchase""."	classified_high	`Purchase`
value_high	Entity predicate (ChargeCategory)	specification/datasets/cost_and_usage/columns/skuid.md	25	89	Tax	"* SkuId MUST be null when [ChargeCategory](#datamodel.costandusage.chargecategory) is ""Tax""."	classified_high	`Tax`
value_high	Entity predicate (ChargeCategory)	specification/datasets/cost_and_usage/columns/skuid.md	26	51	Usage	"* SkuId MUST NOT be null when ChargeCategory is ""Usage"" or ""Purchase"" and [ChargeClass](#datamodel.costandusage.chargeclass) is not ""Correction""."	classified_high	`Usage`
value_high	Normative entity context (ChargeCategory)	specification/datasets/cost_and_usage/columns/skuid.md	26	62	Purchase	"* SkuId MUST NOT be null when ChargeCategory is ""Usage"" or ""Purchase"" and [ChargeClass](#datamodel.costandusage.chargeclass) is not ""Correction""."	classified_high	`Purchase`
value_high	Entity predicate (ChargeCategory)	specification/datasets/cost_and_usage/columns/skuid.md	26	135	Correction	"* SkuId MUST NOT be null when ChargeCategory is ""Usage"" or ""Purchase"" and [ChargeClass](#datamodel.costandusage.chargeclass) is not ""Correction""."	classified_high	`Correction`
value_high	Entity predicate (ChargeCategory)	specification/datasets/cost_and_usage/columns/skuid.md	32	131	Usage	"* SkuId MUST be associated with a given [*resource*](#glossary:resource) or [*service*](#glossary:service) when ChargeCategory is ""Usage"" or ""Purchase""."	classified_high	`Usage`
value_high	Normative entity context (ChargeCategory)	specification/datasets/cost_and_usage/columns/skuid.md	32	142	Purchase	"* SkuId MUST be associated with a given [*resource*](#glossary:resource) or [*service*](#glossary:service) when ChargeCategory is ""Usage"" or ""Purchase""."	classified_high	`Purchase`
value_high	Entity predicate (ChargeCategory)	specification/datasets/cost_and_usage/columns/listunitprice.md	13	97	Tax	"* ListUnitPrice MUST be null when [ChargeCategory](#datamodel.costandusage.chargecategory) is ""Tax""."	classified_high	`Tax`
value_high	Entity predicate (ChargeCategory)	specification/datasets/cost_and_usage/columns/listunitprice.md	15	59	Usage	"* ListUnitPrice MUST NOT be null when ChargeCategory is ""Usage"" or ""Purchase"" and [ChargeClass](#datamodel.costandusage.chargeclass) is not ""Correction""."	classified_high	`Usage`
value_high	Normative entity context (ChargeCategory)	specification/datasets/cost_and_usage/columns/listunitprice.md	15	70	Purchase	"* ListUnitPrice MUST NOT be null when ChargeCategory is ""Usage"" or ""Purchase"" and [ChargeClass](#datamodel.costandusage.chargeclass) is not ""Correction""."	classified_high	`Purchase`
value_high	Entity predicate (ChargeCategory)	specification/datasets/cost_and_usage/columns/listunitprice.md	15	143	Correction	"* ListUnitPrice MUST NOT be null when ChargeCategory is ""Usage"" or ""Purchase"" and [ChargeClass](#datamodel.costandusage.chargeclass) is not ""Correction""."	classified_high	`Correction`
value_high	Entity predicate (ChargeCategory)	specification/datasets/cost_and_usage/columns/listcost.md	14	160	Tax	"* ListCost of a [*charge*](#glossary:charge) calculated based on other *charges* (e.g., when the [ChargeCategory](#datamodel.costandusage.chargecategory) is ""Tax"") MUST be calculated based on the ListCost of those related *charges*."	classified_high	`Tax`
value_high	Entity predicate (ChargeCategory)	specification/datasets/cost_and_usage/columns/listcost.md	15	91	Credit	"* ListCost of a *charge* unrelated to other *charges* (e.g., when the ChargeCategory is ""Credit"") MUST be equal to the [BilledCost](#datamodel.costandusage.billedcost)."	classified_high	`Credit`
value_high	Entity predicate (ContractedUnitPrice)	specification/datasets/cost_and_usage/columns/contractedunitprice.md	13	103	Tax	"* ContractedUnitPrice MUST be null when [ChargeCategory](#datamodel.costandusage.chargecategory) is ""Tax""."	classified_high	`Tax`
value_high	Entity predicate (ContractedUnitPrice)	specification/datasets/cost_and_usage/columns/contractedunitprice.md	15	65	Usage	"* ContractedUnitPrice MUST NOT be null when ChargeCategory is ""Usage"" or ""Purchase"" and [ChargeClass](#datamodel.costandusage.chargeclass) is not ""Correction""."	classified_high	`Usage`
value_high	Normative entity context (ContractedUnitPrice)	specification/datasets/cost_and_usage/columns/contractedunitprice.md	15	76	Purchase	"* ContractedUnitPrice MUST NOT be null when ChargeCategory is ""Usage"" or ""Purchase"" and [ChargeClass](#datamodel.costandusage.chargeclass) is not ""Correction""."	classified_high	`Purchase`
value_high	Entity predicate (ContractedUnitPrice)	specification/datasets/cost_and_usage/columns/contractedunitprice.md	15	149	Correction	"* ContractedUnitPrice MUST NOT be null when ChargeCategory is ""Usage"" or ""Purchase"" and [ChargeClass](#datamodel.costandusage.chargeclass) is not ""Correction""."	classified_high	`Correction`
value_high	Entity predicate (CapacityReservationStatus)	specification/datasets/cost_and_usage/columns/capacityreservationstatus.md	12	151	Usage	"* CapacityReservationStatus MUST NOT be null when CapacityReservationId is not null and [ChargeCategory](#datamodel.costandusage.chargecategory) is ""Usage""."	classified_high	`Usage`
value_high	Entity predicate (CapacityReservationStatus)	specification/datasets/cost_and_usage/columns/capacityreservationstatus.md	15	39	Unused	"* CapacityReservationStatus MUST be ""Unused"" when the *charge* represents the unused portion of a *capacity reservation*."	classified_high	`Unused`
value_high	Entity predicate (CapacityReservationStatus)	specification/datasets/cost_and_usage/columns/capacityreservationstatus.md	16	39	Used	"* CapacityReservationStatus MUST be ""Used"" when the *charge* represents the used portion of a *capacity reservation*."	classified_high	`Used`
value_high	Entity predicate (ContractedCost)	specification/datasets/cost_and_usage/columns/contractedcost.md	14	166	Tax	"* ContractedCost of a [*charge*](#glossary:charge) calculated based on other *charges* (e.g., when the [ChargeCategory](#datamodel.costandusage.chargecategory) is ""Tax"") MUST be calculated based on the ContractedCost of those related *charges*."	classified_high	`Tax`
value_high	Entity predicate (ContractedCost)	specification/datasets/cost_and_usage/columns/contractedcost.md	15	97	Credit	"* ContractedCost of a *charge* unrelated to other *charges* (e.g., when the ChargeCategory is ""Credit"") MUST be equal to the [BilledCost](#datamodel.costandusage.billedcost)."	classified_high	`Credit`
value_high	Entity predicate (ChargeClass)	specification/datasets/cost_and_usage/columns/chargeclass.md	13	23	Correction	"* ChargeClass MUST be ""Correction"" when ChargeClass is not null."	classified_high	`Correction`
value_high	Entity predicate (ChargeCategory)	specification/datasets/cost_and_usage/columns/commitmentdiscountquantity.md	15	28	Usage	"* When ChargeCategory is ""Usage"" or ""Purchase"" and CommitmentDiscountId is not null, CommitmentDiscountQuantity MUST adhere to the following requirements:"	classified_high	`Usage`
value_high	Same line as explicit value context	specification/datasets/cost_and_usage/columns/commitmentdiscountquantity.md	15	39	Purchase	"* When ChargeCategory is ""Usage"" or ""Purchase"" and CommitmentDiscountId is not null, CommitmentDiscountQuantity MUST adhere to the following requirements:"	classified_high	`Purchase`
value_high	Entity predicate (CommitmentDiscountQuantity)	specification/datasets/cost_and_usage/columns/commitmentdiscountquantity.md	16	114	Correction	"* CommitmentDiscountQuantity MUST NOT be null when [ChargeClass](#datamodel.costandusage.chargeclass) is not ""Correction""."	classified_high	`Correction`
value_high	Entity predicate (CommitmentDiscountQuantity)	specification/datasets/cost_and_usage/columns/commitmentdiscountquantity.md	17	66	Correction	"* CommitmentDiscountQuantity MAY be null when ChargeClass is ""Correction""."	classified_high	`Correction`
value_high	Entity predicate (CommitmentDiscountQuantity)	specification/datasets/cost_and_usage/columns/commitmentdiscountquantity.md	19	69	Purchase	"* When CommitmentDiscountQuantity is not null and ChargeCategory is ""Purchase"", CommitmentDiscountQuantity MUST adhere to the following requirements:"	classified_high	`Purchase`
value_high	Entity predicate (CommitmentDiscountUnit)	specification/datasets/cost_and_usage/columns/commitmentdiscountquantity.md	20	253	One-Time	"* CommitmentDiscountQuantity MUST be the quantity of CommitmentDiscountUnit, paid fully or partially upfront, that is eligible for consumption over the *commitment discount's* *term* when [ChargeFrequency](#datamodel.costandusage.chargefrequency) is ""One-Time""."	classified_high	`One-Time`
value_high	Entity predicate (CommitmentDiscountQuantity)	specification/datasets/cost_and_usage/columns/commitmentdiscountquantity.md	21	196	Recurring	"* CommitmentDiscountQuantity MUST be the quantity of CommitmentDiscountUnit that is eligible for consumption for each *charge period* that corresponds with the purchase when ChargeFrequency is ""Recurring""."	classified_high	`Recurring`
value_high	Entity predicate (CommitmentDiscountQuantity)	specification/datasets/cost_and_usage/columns/commitmentdiscountquantity.md	22	69	Usage	"* When CommitmentDiscountQuantity is not null and ChargeCategory is ""Usage"", CommitmentDiscountQuantity MUST adhere to the following requirements:"	classified_high	`Usage`
value_high	Entity predicate (CommitmentDiscountQuantity)	specification/datasets/cost_and_usage/columns/commitmentdiscountquantity.md	23	216	Used	"* CommitmentDiscountQuantity MUST be the metered quantity of CommitmentDiscountUnit that is consumed in a given *charge period* when [CommitmentDiscountStatus](#datamodel.costandusage.commitmentdiscountstatus) is ""Used""."	classified_high	`Used`
value_high	Entity predicate (CommitmentDiscountQuantity)	specification/datasets/cost_and_usage/columns/commitmentdiscountquantity.md	24	157	Unused	"* CommitmentDiscountQuantity MUST be the remaining, unused quantity of CommitmentDiscountUnit in a given *charge period* when CommitmentDiscountStatus is ""Unused""."	classified_high	`Unused`
value_review	Owning entity file (CommitmentDiscountQuantity)	specification/datasets/cost_and_usage/columns/commitmentdiscountquantity.md	28	489	Usage	"**Aggregation:** When aggregating Commitment Discount Quantity for commitment utilization calculations, it's important to exclude [*commitment discount*](#glossary:commitment-discount) purchases (i.e., when Charge Category is ""Purchase"") that are paid to cover future eligible [*charges*](#glossary:charge) (e.g., *commitment discount*). Otherwise, when accounting for all upfront or accrued purchases, it's important to exclude *commitment discount* usage (i.e., when Charge Category is ""Usage""). This exclusion helps prevent double counting of these quantities in the aggregation."	owning_entity_review	`Usage`
value_high	Normative entity context (ServiceCategory)	specification/datasets/cost_and_usage/columns/servicename.md	16	61	Other	"* ServiceName MUST be associated with the ServiceCategory ""Other"" when no suitable ServiceCategory is available."	classified_high	`Other`
value_high	Normative entity context (ServiceSubcategory)	specification/datasets/cost_and_usage/columns/servicename.md	19	66	Other	"* ServiceName SHOULD be associated with the ServiceSubcategory ""Other"" when no suitable ServiceSubcategory is available."	classified_high	`Other`
value_high	Entity predicate (PricingCurrencyContractedUnitPrice)	specification/datasets/cost_and_usage/columns/pricingcurrencycontractedunitprice.md	13	118	Tax	"* PricingCurrencyContractedUnitPrice MUST be null when [ChargeCategory](#datamodel.costandusage.chargecategory) is ""Tax""."	classified_high	`Tax`
value_high	Entity predicate (PricingCurrencyContractedUnitPrice)	specification/datasets/cost_and_usage/columns/pricingcurrencycontractedunitprice.md	15	80	Usage	"* PricingCurrencyContractedUnitPrice MUST NOT be null when ChargeCategory is ""Usage"" or ""Purchase"" and [ChargeClass](#datamodel.costandusage.chargeclass) is not ""Correction""."	classified_high	`Usage`
value_high	Normative entity context (PricingCurrencyContractedUnitPrice)	specification/datasets/cost_and_usage/columns/pricingcurrencycontractedunitprice.md	15	91	Purchase	"* PricingCurrencyContractedUnitPrice MUST NOT be null when ChargeCategory is ""Usage"" or ""Purchase"" and [ChargeClass](#datamodel.costandusage.chargeclass) is not ""Correction""."	classified_high	`Purchase`
value_high	Entity predicate (PricingCurrencyContractedUnitPrice)	specification/datasets/cost_and_usage/columns/pricingcurrencycontractedunitprice.md	15	164	Correction	"* PricingCurrencyContractedUnitPrice MUST NOT be null when ChargeCategory is ""Usage"" or ""Purchase"" and [ChargeClass](#datamodel.costandusage.chargeclass) is not ""Correction""."	classified_high	`Correction`
value_high	String example table	specification/datasets/cost_and_usage/columns/skupricedetails.md	48	134	SSD	"| DiskType                 | Kind of disk used                                                        | String           | Examples: ""SSD"", ""HDD"", ""NVMe""                        |"	classified_high	`SSD`
value_high	String example table	specification/datasets/cost_and_usage/columns/skupricedetails.md	48	141	HDD	"| DiskType                 | Kind of disk used                                                        | String           | Examples: ""SSD"", ""HDD"", ""NVMe""                        |"	classified_high	`HDD`
value_high	String example table	specification/datasets/cost_and_usage/columns/skupricedetails.md	48	148	NVMe	"| DiskType                 | Kind of disk used                                                        | String           | Examples: ""SSD"", ""HDD"", ""NVMe""                        |"	classified_high	`NVMe`
value_high	String example table	specification/datasets/cost_and_usage/columns/skupricedetails.md	50	134	m5d.2xlarge	"| InstanceType             | Common name of the instance including size, shape, series, etc.          | String           | Examples: ""m5d.2xlarge"", ""NC24rs_v3"", ""P50""           |"	classified_high	`m5d.2xlarge`
value_high	String example table	specification/datasets/cost_and_usage/columns/skupricedetails.md	50	149	NC24rs_v3	"| InstanceType             | Common name of the instance including size, shape, series, etc.          | String           | Examples: ""m5d.2xlarge"", ""NC24rs_v3"", ""P50""           |"	classified_high	`NC24rs_v3`
value_high	String example table	specification/datasets/cost_and_usage/columns/skupricedetails.md	50	162	P50	"| InstanceType             | Common name of the instance including size, shape, series, etc.          | String           | Examples: ""m5d.2xlarge"", ""NC24rs_v3"", ""P50""           |"	classified_high	`P50`
value_high	String example table	specification/datasets/cost_and_usage/columns/skupricedetails.md	51	134	M5	"| InstanceSeries           | Common name for the series and/or generation of the instance             | String           | Examples: ""M5"", ""Dadv5"", ""N2D""                        |"	classified_high	`M5`
value_high	String example table	specification/datasets/cost_and_usage/columns/skupricedetails.md	51	140	Dadv5	"| InstanceSeries           | Common name for the series and/or generation of the instance             | String           | Examples: ""M5"", ""Dadv5"", ""N2D""                        |"	classified_high	`Dadv5`
value_high	String example table	specification/datasets/cost_and_usage/columns/skupricedetails.md	51	149	N2D	"| InstanceSeries           | Common name for the series and/or generation of the instance             | String           | Examples: ""M5"", ""Dadv5"", ""N2D""                        |"	classified_high	`N2D`
value_high	String example table	specification/datasets/cost_and_usage/columns/skupricedetails.md	53	134	Solora AI	"| ModelDeveloper           | Name of the entity that created the model                                | String           | Examples: ""Solora AI"", ""ModelMesh""                    |"	classified_high	`Solora AI`
value_high	String example table	specification/datasets/cost_and_usage/columns/skupricedetails.md	53	147	ModelMesh	"| ModelDeveloper           | Name of the entity that created the model                                | String           | Examples: ""Solora AI"", ""ModelMesh""                    |"	classified_high	`ModelMesh`
value_high	String example table	specification/datasets/cost_and_usage/columns/skupricedetails.md	54	134	Solora Reasoning	"| ModelFamily              | Grouping of related models as defined by the model developer             | String           | Examples: ""Solora Reasoning"", ""ModelMesh General""     |"	classified_high	`Solora Reasoning`
value_high	String example table	specification/datasets/cost_and_usage/columns/skupricedetails.md	54	154	ModelMesh General	"| ModelFamily              | Grouping of related models as defined by the model developer             | String           | Examples: ""Solora Reasoning"", ""ModelMesh General""     |"	classified_high	`ModelMesh General`
value_high	String example table	specification/datasets/cost_and_usage/columns/skupricedetails.md	55	216	solora-reasoning-pro	"| ModelId                  | Identifier for the model as it appears in billing, which may be namespaced by the service provider and is not guaranteed to match across service providers | String           | Examples: ""solora-reasoning-pro"", ""modelmesh-general-7b"" |"	classified_high	`solora-reasoning-pro`
value_high	String example table	specification/datasets/cost_and_usage/columns/skupricedetails.md	55	240	modelmesh-general-7b	"| ModelId                  | Identifier for the model as it appears in billing, which may be namespaced by the service provider and is not guaranteed to match across service providers | String           | Examples: ""solora-reasoning-pro"", ""modelmesh-general-7b"" |"	classified_high	`modelmesh-general-7b`
value_high	String example table	specification/datasets/cost_and_usage/columns/skupricedetails.md	56	145	3.0	"| ModelVersion             | Version of the model within a given model family, as defined by the model developer | String           | Examples: ""3.0"", ""2.5""                                |"	classified_high	`3.0`
value_high	String example table	specification/datasets/cost_and_usage/columns/skupricedetails.md	56	152	2.5	"| ModelVersion             | Version of the model within a given model family, as defined by the model developer | String           | Examples: ""3.0"", ""2.5""                                |"	classified_high	`2.5`
value_high	String example table	specification/datasets/cost_and_usage/columns/skupricedetails.md	59	134	Linux	"| OperatingSystem          | Operating system family<sup>3</sup>                                      | String           | Examples: ""Linux"", ""MacOS"", ""Windows""                 |"	classified_high	`Linux`
value_high	String example table	specification/datasets/cost_and_usage/columns/skupricedetails.md	59	143	MacOS	"| OperatingSystem          | Operating system family<sup>3</sup>                                      | String           | Examples: ""Linux"", ""MacOS"", ""Windows""                 |"	classified_high	`MacOS`
value_high	String example table	specification/datasets/cost_and_usage/columns/skupricedetails.md	59	152	Windows	"| OperatingSystem          | Operating system family<sup>3</sup>                                      | String           | Examples: ""Linux"", ""MacOS"", ""Windows""                 |"	classified_high	`Windows`
value_high	String example table	specification/datasets/cost_and_usage/columns/skupricedetails.md	60	134	Local	"| Redundancy               | Level of redundancy offered by the SKU                                   | String           | Examples: ""Local"", ""Zonal"", ""Global""                  |"	classified_high	`Local`
value_high	String example table	specification/datasets/cost_and_usage/columns/skupricedetails.md	60	143	Zonal	"| Redundancy               | Level of redundancy offered by the SKU                                   | String           | Examples: ""Local"", ""Zonal"", ""Global""                  |"	classified_high	`Zonal`
value_high	String example table	specification/datasets/cost_and_usage/columns/skupricedetails.md	60	152	Global	"| Redundancy               | Level of redundancy offered by the SKU                                   | String           | Examples: ""Local"", ""Zonal"", ""Global""                  |"	classified_high	`Global`
value_high	String example table	specification/datasets/cost_and_usage/columns/skupricedetails.md	61	134	Hot	"| StorageClass             | Class or tier of storage provided                                        | String           | Examples: ""Hot"", ""Archive"", ""Nearline""                |"	classified_high	`Hot`
value_high	String example table	specification/datasets/cost_and_usage/columns/skupricedetails.md	61	141	Archive	"| StorageClass             | Class or tier of storage provided                                        | String           | Examples: ""Hot"", ""Archive"", ""Nearline""                |"	classified_high	`Archive`
value_high	String example table	specification/datasets/cost_and_usage/columns/skupricedetails.md	61	152	Nearline	"| StorageClass             | Class or tier of storage provided                                        | String           | Examples: ""Hot"", ""Archive"", ""Nearline""                |"	classified_high	`Nearline`
value_high	Entity predicate (CommitmentDiscountStatus)	specification/datasets/cost_and_usage/columns/commitmentdiscountstatus.md	12	149	Usage	"* CommitmentDiscountStatus MUST NOT be null when CommitmentDiscountId is not null and [ChargeCategory](#datamodel.costandusage.chargecategory) is ""Usage""."	classified_high	`Usage`
value_high	Entity predicate (CommitmentDiscountStatus)	specification/datasets/cost_and_usage/columns/commitmentdiscountstatus.md	14	36	Used	"* CommitmentDiscountStatus MUST be ""Used"" when the *charge* utilizes a specific amount of a given CommitmentDiscountId."	classified_high	`Used`
value_high	Entity predicate (CommitmentDiscountStatus)	specification/datasets/cost_and_usage/columns/commitmentdiscountstatus.md	15	36	Unused	"* CommitmentDiscountStatus MUST be ""Unused"" when the *charge* represents the unused portion of the given CommitmentDiscountId."	classified_high	`Unused`
value_high	Entity predicate (ConsumedQuantity)	specification/datasets/cost_and_usage/columns/consumedquantity.md	13	104	Usage	"* ConsumedQuantity MUST be null when [ChargeCategory](#datamodel.costandusage.chargecategory) is not ""Usage"", or when ChargeCategory is ""Usage"" and [CommitmentDiscountStatus](#datamodel.costandusage.commitmentdiscountstatus) is ""Unused""."	classified_high	`Usage`
value_high	Entity predicate (ConsumedQuantity)	specification/datasets/cost_and_usage/columns/consumedquantity.md	13	139	Usage	"* ConsumedQuantity MUST be null when [ChargeCategory](#datamodel.costandusage.chargecategory) is not ""Usage"", or when ChargeCategory is ""Usage"" and [CommitmentDiscountStatus](#datamodel.costandusage.commitmentdiscountstatus) is ""Unused""."	classified_high	`Usage`
value_high	Entity predicate (CommitmentDiscountStatus)	specification/datasets/cost_and_usage/columns/consumedquantity.md	13	231	Unused	"* ConsumedQuantity MUST be null when [ChargeCategory](#datamodel.costandusage.chargecategory) is not ""Usage"", or when ChargeCategory is ""Usage"" and [CommitmentDiscountStatus](#datamodel.costandusage.commitmentdiscountstatus) is ""Unused""."	classified_high	`Unused`
value_high	Entity predicate (ChargeCategory)	specification/datasets/cost_and_usage/columns/consumedquantity.md	14	28	Usage	"* When ChargeCategory is ""Usage"" and CommitmentDiscountStatus is not ""Unused"", ConsumedQuantity MUST adhere to the following requirements:"	classified_high	`Usage`
value_high	Entity predicate (CommitmentDiscountStatus)	specification/datasets/cost_and_usage/columns/consumedquantity.md	14	72	Unused	"* When ChargeCategory is ""Usage"" and CommitmentDiscountStatus is not ""Unused"", ConsumedQuantity MUST adhere to the following requirements:"	classified_high	`Unused`
value_high	Entity predicate (ConsumedQuantity)	specification/datasets/cost_and_usage/columns/consumedquantity.md	15	104	Correction	"* ConsumedQuantity MUST NOT be null when [ChargeClass](#datamodel.costandusage.chargeclass) is not ""Correction""."	classified_high	`Correction`
value_high	Entity predicate (ConsumedQuantity)	specification/datasets/cost_and_usage/columns/consumedquantity.md	16	56	Correction	"* ConsumedQuantity MAY be null when ChargeClass is ""Correction""."	classified_high	`Correction`
value_high	Entity predicate (ChargeFrequency)	specification/datasets/cost_and_usage/columns/chargefrequency.md	12	31	Usage-Based	"* ChargeFrequency MUST NOT be ""Usage-Based"" when [ChargeCategory](#datamodel.costandusage.chargecategory) is ""Purchase""."	classified_high	`Usage-Based`
value_high	Entity predicate (ChargeFrequency)	specification/datasets/cost_and_usage/columns/chargefrequency.md	12	110	Purchase	"* ChargeFrequency MUST NOT be ""Usage-Based"" when [ChargeCategory](#datamodel.costandusage.chargecategory) is ""Purchase""."	classified_high	`Purchase`
value_review	Owning entity file (ContractCommitmentDurationType)	specification/datasets/contract_commitment/columns/contractcommitmentdurationtype.md	3	136	1 Year	"Contract Commitment Duration Type represents the categorical length of a [*contract commitment*](#glossary:contract-commitment) (e.g., ""1 Year"", ""3 Years"") based on the commercial agreement or pricing model."	owning_entity_review	`1 Year`
value_review	Owning entity file (ContractCommitmentDurationType)	specification/datasets/contract_commitment/columns/contractcommitmentdurationtype.md	3	146	3 Years	"Contract Commitment Duration Type represents the categorical length of a [*contract commitment*](#glossary:contract-commitment) (e.g., ""1 Year"", ""3 Years"") based on the commercial agreement or pricing model."	owning_entity_review	`3 Years`
value_review	Owning entity file (ContractCommitmentDurationType)	specification/datasets/contract_commitment/columns/contractcommitmentdurationtype.md	5	298	3 Years	"This column serves as a stable classifier for the commitment's duration, distinct from the actual lifespan of the specific record. For example, a 3-year commitment that is exchanged or modified may have a calculated duration of only a few months, but its Contract Commitment Duration Type remains ""3 Years"". This allows for consistent grouping and reporting on commitment durations, regardless of lifecycle events."	owning_entity_review	`3 Years`
value_high	Normative entity context (ContractCommitmentDurationType)	specification/datasets/contract_commitment/columns/contractcommitmentdurationtype.md	14	202	1 Day	"* ContractCommitmentDurationType SHOULD be expressed with a quantity and time unit, where quantity is a positive integer, and time-unit is a standardized unit of time, either singular or plural (e.g., ""1 Day"", ""1 Year"", ""3 Months"", ""3 Years"")."	classified_high	`1 Day`
value_high	Normative entity context (ContractCommitmentDurationType)	specification/datasets/contract_commitment/columns/contractcommitmentdurationtype.md	14	211	1 Year	"* ContractCommitmentDurationType SHOULD be expressed with a quantity and time unit, where quantity is a positive integer, and time-unit is a standardized unit of time, either singular or plural (e.g., ""1 Day"", ""1 Year"", ""3 Months"", ""3 Years"")."	classified_high	`1 Year`
value_high	Normative entity context (ContractCommitmentDurationType)	specification/datasets/contract_commitment/columns/contractcommitmentdurationtype.md	14	221	3 Months	"* ContractCommitmentDurationType SHOULD be expressed with a quantity and time unit, where quantity is a positive integer, and time-unit is a standardized unit of time, either singular or plural (e.g., ""1 Day"", ""1 Year"", ""3 Months"", ""3 Years"")."	classified_high	`3 Months`
value_high	Same line as explicit value context	specification/datasets/contract_commitment/columns/contractcommitmentdurationtype.md	14	233	3 Years	"* ContractCommitmentDurationType SHOULD be expressed with a quantity and time unit, where quantity is a positive integer, and time-unit is a standardized unit of time, either singular or plural (e.g., ""1 Day"", ""1 Year"", ""3 Months"", ""3 Years"")."	classified_high	`3 Years`
value_high	Normative entity context (ContractCommitmentDurationType)	specification/datasets/contract_commitment/columns/contractcommitmentdurationtype.md	16	110	1 Year	"* ContractCommitmentDurationType SHOULD correspond to the standard duration of the purchased offering (e.g., ""1 Year"", ""3 Years"") rather than a precise calculation of days or hours."	classified_high	`1 Year`
value_high	Normative entity context (ContractCommitmentDurationType)	specification/datasets/contract_commitment/columns/contractcommitmentdurationtype.md	16	120	3 Years	"* ContractCommitmentDurationType SHOULD correspond to the standard duration of the purchased offering (e.g., ""1 Year"", ""3 Years"") rather than a precise calculation of days or hours."	classified_high	`3 Years`
value_high	Explicit value context	specification/datasets/contract_commitment/columns/contractcommitmentdurationtype.md	17	408	3 Years	"* ContractCommitmentDurationType MAY differ from the actual duration calculated between [ContractCommitmentPeriodStart](#datamodel.contractcommitment.contractcommitmentperiodstart) and [ContractCommitmentPeriodEnd](#datamodel.contractcommitment.contractcommitmentperiodend) (e.g., if a 3-year commitment is exchanged in its final month, the resulting record may have a short lifespan but retains a value of ""3 Years"")."	classified_high	`3 Years`
value_review	Owning entity file (ContractCommitmentPaymentUpfrontPercentage)	specification/datasets/contract_commitment/columns/contractcommitmentpaymentupfrontpercentage.md	5	54	Partial Upfront	"This column allows for precise financial modeling of ""Partial Upfront"" [payment models](#datamodel.contractcommitment.contractcommitmentpaymentmodel), enabling FinOps practitioners and accounting professionals to distinguish between immediate cash outlays and deferred liabilities."	owning_entity_review	`Partial Upfront`
value_high	Entity predicate (ContractCommitmentPaymentUpfrontPercentage)	specification/datasets/contract_commitment/columns/contractcommitmentpaymentupfrontpercentage.md	15	161	All Upfront	"* ContractCommitmentPaymentUpfrontPercentage MUST be 1.0 when [ContractCommitmentPaymentModel](#datamodel.contractcommitment.contractcommitmentpaymentmodel) is ""All Upfront""."	classified_high	`All Upfront`
value_high	Entity predicate (ContractCommitmentPaymentUpfrontPercentage)	specification/datasets/contract_commitment/columns/contractcommitmentpaymentupfrontpercentage.md	16	97	No Upfront	"* ContractCommitmentPaymentUpfrontPercentage MUST be 0.0 when ContractCommitmentPaymentModel is ""No Upfront""."	classified_high	`No Upfront`
value_high	Entity predicate (ContractCommitmentPaymentUpfrontPercentage)	specification/datasets/contract_commitment/columns/contractcommitmentpaymentupfrontpercentage.md	17	128	Partial Upfront	"* ContractCommitmentPaymentUpfrontPercentage MUST be greater than 0.0 and less than 1.0 when ContractCommitmentPaymentModel is ""Partial Upfront""."	classified_high	`Partial Upfront`
value_high	Entity predicate (PricingCurrencyContractCommitmentCost)	specification/datasets/contract_commitment/columns/pricingcurrencycontractcommitmentcost.md	12	155	Spend	"* PricingCurrencyContractCommitmentCost MUST NOT be null when [ContractCommitmentCategory](#datamodel.contractcommitment.contractcommitmentcategory) is ""Spend"" and [PricingCurrency](#datamodel.contractcommitment.pricingcurrency) is provided."	classified_high	`Spend`
value_high	Entity predicate (PricingCurrencyContractCommitmentCost)	specification/datasets/contract_commitment/columns/pricingcurrencycontractcommitmentcost.md	13	90	Usage	"* PricingCurrencyContractCommitmentCost MAY be null when ContractCommitmentCategory is ""Usage""."	classified_high	`Usage`
value_high	Entity predicate (ContractCommitmentCategory)	specification/datasets/contract_commitment/columns/contractcommitmentcost.md	12	140	Spend	"* ContractCommitmentCost MUST NOT be null when [ContractCommitmentCategory](#datamodel.contractcommitment.contractcommitmentcategory) is ""Spend""."	classified_high	`Spend`
value_high	Entity predicate (ContractCommitmentCategory)	specification/datasets/contract_commitment/columns/contractcommitmentcost.md	13	75	Usage	"* ContractCommitmentCost MAY be null when ContractCommitmentCategory is ""Usage""."	classified_high	`Usage`
value_high	Entity predicate (ContractCommitmentModel)	specification/datasets/contract_commitment/columns/contractcommitmentmodel.md	14	35	Discontinuous	"* ContractCommitmentModel MUST be ""Discontinuous"" when ContractCommitmentFulfillmentInterval is ""Full Period""."	classified_high	`Discontinuous`
value_high	Entity predicate (ContractCommitmentFulfillmentInterval)	specification/datasets/contract_commitment/columns/contractcommitmentmodel.md	14	97	Full Period	"* ContractCommitmentModel MUST be ""Discontinuous"" when ContractCommitmentFulfillmentInterval is ""Full Period""."	classified_high	`Full Period`
value_high	Entity predicate (ContractCommitmentCategory)	specification/datasets/contract_commitment/columns/billingcurrency.md	12	131	Spend	"* BillingCurrency MUST NOT be null when [ContractCommitmentCategory](#datamodel.contractcommitment.contractcommitmentcategory) is ""Spend""."	classified_high	`Spend`
value_high	Entity predicate (ContractCommitmentDiscountPercentage)	specification/datasets/contract_commitment/columns/contractcommitmentdiscountpercentage.md	12	168	Discount	"* ContractCommitmentDiscountPercentage MUST NOT be null when [ContractCommitmentBenefitCategory](#datamodel.contractcommitment.contractcommitmentbenefitcategory) is ""Discount""."	classified_high	`Discount`
value_high	Entity predicate (ContractCommitmentDiscountPercentage)	specification/datasets/contract_commitment/columns/contractcommitmentdiscountpercentage.md	13	97	Availability	"* ContractCommitmentDiscountPercentage MUST be null when ContractCommitmentBenefitCategory is ""Availability""."	classified_high	`Availability`
value_high	Entity predicate (ContractCommitmentPaymentInterval)	specification/datasets/contract_commitment/columns/contractcommitmentpaymentinterval.md	14	45	One-Time	"* ContractCommitmentPaymentInterval MUST be ""One-Time"" when [ContractCommitmentPaymentModel](#datamodel.contractcommitment.contractcommitmentpaymentmodel) is ""All Upfront""."	classified_high	`One-Time`
value_high	Entity predicate (ContractCommitmentPaymentInterval)	specification/datasets/contract_commitment/columns/contractcommitmentpaymentinterval.md	14	159	All Upfront	"* ContractCommitmentPaymentInterval MUST be ""One-Time"" when [ContractCommitmentPaymentModel](#datamodel.contractcommitment.contractcommitmentpaymentmodel) is ""All Upfront""."	classified_high	`All Upfront`
value_high	Entity predicate (ContractCommitmentFulfillmentInterval)	specification/datasets/contract_commitment/columns/contractcommitmentfulfillmentinterval.md	14	53	Full Period	"* ContractCommitmentFulfillmentInterval MUST NOT be ""Full Period"" when ContractCommitmentModel is ""Continuous""."	classified_high	`Full Period`
value_high	Entity predicate (ContractCommitmentFulfillmentInterval)	specification/datasets/contract_commitment/columns/contractcommitmentfulfillmentinterval.md	14	99	Continuous	"* ContractCommitmentFulfillmentInterval MUST NOT be ""Full Period"" when ContractCommitmentModel is ""Continuous""."	classified_high	`Continuous`
value_high	Entity predicate (ContractCommitmentCategory)	specification/datasets/contract_commitment/columns/contractcommitmentquantity.md	12	144	Usage	"* ContractCommitmentQuantity MUST NOT be null when [ContractCommitmentCategory](#datamodel.contractcommitment.contractcommitmentcategory) is ""Usage""."	classified_high	`Usage`
value_high	Entity predicate (ContractCommitmentCategory)	specification/datasets/contract_commitment/columns/contractcommitmentquantity.md	13	79	Spend	"* ContractCommitmentQuantity MAY be null when ContractCommitmentCategory is ""Spend""."	classified_high	`Spend`
value_high	Entity predicate (ContractCommitmentLifecycleStatus)	specification/datasets/contract_commitment/columns/contractcommitmentlifecyclestatus.md	12	220	Superseded	"* When a contract commitment record is modified in a way that requires a new [ContractCommitmentID](#datamodel.contractcommitment.contractcommitmentid), ContractCommitmentLifecycleStatus for the previous record MUST be ""Superseded""."	classified_high	`Superseded`
ambiguous	No deterministic value relationship	specification/appendix/invoice_detail/invoice_detail.md	12	143	Enterprise Support	"2. **Granularity Definition:** Unlike standard datasets with fixed schemas, invoice line items vary wildly in detail (e.g., a single line for ""Enterprise Support"" vs. millions of lines for ""Storage""). The `InvoiceDetailGrain` column uses a flexible JSON structure to capture the specific dimensions (SKU, Region, Project) relevant to that specific line item without breaking the schema."	manual_apply_after_review	`Enterprise Support`
ambiguous	No deterministic value relationship	specification/appendix/invoice_detail/invoice_detail.md	12	190	Storage	"2. **Granularity Definition:** Unlike standard datasets with fixed schemas, invoice line items vary wildly in detail (e.g., a single line for ""Enterprise Support"" vs. millions of lines for ""Storage""). The `InvoiceDetailGrain` column uses a flexible JSON structure to capture the specific dimensions (SKU, Region, Project) relevant to that specific line item without breaking the schema."	manual_apply_after_review	`Storage`
value_high	Linked entity predicate	specification/glossary.md	61	130	Closed	"A [*billing period*](#glossary:billing-period) with [Billing Period Status](#datamodel.billingperiod.billingperiodstatus) set to ""Closed"". The period has been financially closed after all anticipated invoices for the period have been [*issued*](#glossary:issued-invoice) by designated [*invoice issuers*](#glossary:invoice-issuer) and no additional invoices will be associated with this period. Exceptionally, additional invoices may be associated with a closed billing period if explicitly requested or approved by the customer."	audit_recovery	`Closed`
ambiguous	No deterministic value relationship	specification/supported_features/commitment_program_eligibility_details.md	50	348	Flexible Spend Plan	"This query identifies [*charges*](#glossary:charge) that are eligible for [*commitment programs*](#glossary:commitment-program) but are not currently covered by a [*commitment discount*](#glossary:commitment-discount). A practitioner running relevant workloads can use this to quantify the savings opportunity per *commitment program* type (e.g., ""Flexible Spend Plan"" vs. ""Resource Reservation"") and per [*service*](#glossary:service)."	audit_recovery	`Flexible Spend Plan`
ambiguous	No deterministic value relationship	specification/supported_features/commitment_program_eligibility_details.md	50	374	Resource Reservation	"This query identifies [*charges*](#glossary:charge) that are eligible for [*commitment programs*](#glossary:commitment-program) but are not currently covered by a [*commitment discount*](#glossary:commitment-discount). A practitioner running relevant workloads can use this to quantify the savings opportunity per *commitment program* type (e.g., ""Flexible Spend Plan"" vs. ""Resource Reservation"") and per [*service*](#glossary:service)."	audit_recovery	`Resource Reservation`
value_high	String example table	specification/appendix/saas_examples/billing_scenario_examples.md	9	216	Usage-Based	"| [Credit-Based Consumption](#appendix.examples:saas.billingscenarioexamples.credit-basedconsumption:on-demanddataplatformusage) | OmniQuery | Custom consumption units (Credits) with `ChargeFrequency` split between ""Usage-Based"" (compute) and ""Recurring"" (storage). No [*commitment discount*](#glossary:commitment-discount); BilledCost = EffectiveCost on all rows. |"	audit_recovery	`Usage-Based`
value_high	String example table	specification/appendix/saas_examples/billing_scenario_examples.md	9	244	Recurring	"| [Credit-Based Consumption](#appendix.examples:saas.billingscenarioexamples.credit-basedconsumption:on-demanddataplatformusage) | OmniQuery | Custom consumption units (Credits) with `ChargeFrequency` split between ""Usage-Based"" (compute) and ""Recurring"" (storage). No [*commitment discount*](#glossary:commitment-discount); BilledCost = EffectiveCost on all rows. |"	audit_recovery	`Recurring`
value_high	Entity predicate (ChargeCategory)	specification/appendix/saas_examples/billing_scenario_examples.md	158	82	Purchase	"**Purchase Charge:** [ChargeCategory](#datamodel.costandusage.chargecategory) is ""Purchase"" with [ChargeFrequency](#datamodel.costandusage.chargefrequency) ""One-Time"". The full annual amount is invoiced in a single payment."	audit_recovery	`Purchase`
value_high	Entity predicate (PricingCategory)	specification/appendix/saas_examples/billing_scenario_examples.md	167	65	Standard	"* [PricingCategory](#datamodel.costandusage.pricingcategory) is ""Standard"". The purchase of the [*commitment discount*](#glossary:commitment-discount) is at the agreed-upon rate."	audit_recovery	`Standard`
value_high	Entity predicate (ChargeCategory)	specification/appendix/saas_examples/billing_scenario_examples.md	169	92	Usage	"**Usage Charge (April 2025):** [ChargeCategory](#datamodel.costandusage.chargecategory) is ""Usage"" with [PricingCategory](#datamodel.costandusage.pricingcategory) ""Committed"". The usage is covered by the annual purchase."	audit_recovery	`Usage`
ambiguous	No deterministic value relationship	specification/appendix/saas_examples/billing_scenario_examples.md	233	89	Databases	"* All four charges share the [ServiceCategory](#datamodel.costandusage.servicecategory) ""Databases"" but are split across three distinct [ServiceName](#datamodel.costandusage.servicename) values: StoreStack Clusters, StoreStack Storage, and StoreStack Data Transfer."	audit_recovery	`Databases`
value_high	Entity predicate (ChargeFrequency)	specification/appendix/saas_examples/billing_scenario_examples.md	277	65	Recurring	"* [ChargeFrequency](#datamodel.costandusage.chargefrequency) is ""Recurring"". The subscription is a fixed monthly fee regardless of usage activity or user count within the [*billing period*](#glossary:billing-period)."	audit_recovery	`Recurring`
value_high	Entity predicate (PricingCategory)	specification/appendix/saas_examples/billing_scenario_examples.md	322	65	Standard	"* [PricingCategory](#datamodel.costandusage.pricingcategory) is ""Standard"" because the billed rate equals the [ListUnitPrice](#datamodel.costandusage.listunitprice). The annual contract is a term commitment, not a pricing discount. No [*commitment discount*](#glossary:commitment-discount) columns are populated."	audit_recovery	`Standard`
value_high	Entity predicate (ChargeFrequency)	specification/appendix/saas_examples/billing_scenario_examples.md	323	65	Recurring	"* [ChargeFrequency](#datamodel.costandusage.chargefrequency) is ""Recurring"" because the charge recurs monthly at a fixed per-seat rate regardless of usage activity within the [*billing period*](#glossary:billing-period)."	audit_recovery	`Recurring`
value_review	Owning entity file (PricingQuantity)	specification/datasets/cost_and_usage/columns/pricingquantity.md	20	215	Purchase	"**Aggregation:** When aggregating Pricing Quantity for commitment utilization calculations, it's important to exclude [*commitment discount*](#glossary:commitment-discount) purchases (i.e., when Charge Category is ""Purchase"") that are paid to cover future eligible [*charges*](#glossary:charge) (e.g., *commitment discount*). Otherwise, when accounting for all upfront or accrued purchases, it's important to exclude *commitment discount* usage (i.e., when Charge Category is ""Usage""). This exclusion helps prevent double counting of these quantities in the aggregation."	audit_recovery	`Purchase`
value_review	Owning entity file (ListCost)	specification/datasets/cost_and_usage/columns/listcost.md	20	163	Purchase	"**Aggregation:** When aggregating List Cost for savings calculations, it is important to exclude either [Charge Category](#datamodel.costandusage.chargecategory) ""Purchase"" *charges* (one-time and recurring) that are paid to cover future eligible *charges* (e.g., [commitment discount](#glossary:commitment-discount)) or the covered [Charge Category](#datamodel.costandusage.chargecategory) ""Usage"" *charges* themselves. This exclusion helps prevent double counting of these *charges* in the aggregation. Which set of *charges* to exclude depends on whether costs are aggregated on a billed basis (exclude covered *charges*) or accrual basis (exclude Purchases for future *charges*). For instance, *charges* categorized as [Charge Category](#datamodel.costandusage.chargecategory) ""Purchase"" and their related [Charge Category](#datamodel.costandusage.chargecategory) ""Tax"" *charges* for a Commitment Discount might be excluded from an accrual basis cost aggregation of List Cost. This is because the ""Usage"" and ""Tax"" charge records provided during the term of the commitment discount already specify the List Cost. Purchase *charges* that cover future eligible *charges* can be identified by filtering for [Charge Category](#datamodel.costandusage.chargecategory) ""Purchase"" records with a [Billed Cost](#datamodel.costandusage.billedcost) greater than 0 and an [Effective Cost](#datamodel.costandusage.effectivecost) equal to 0."	audit_recovery	`Purchase`
value_review	Owning entity file (ListCost)	specification/datasets/cost_and_usage/columns/listcost.md	20	392	Usage	"**Aggregation:** When aggregating List Cost for savings calculations, it is important to exclude either [Charge Category](#datamodel.costandusage.chargecategory) ""Purchase"" *charges* (one-time and recurring) that are paid to cover future eligible *charges* (e.g., [commitment discount](#glossary:commitment-discount)) or the covered [Charge Category](#datamodel.costandusage.chargecategory) ""Usage"" *charges* themselves. This exclusion helps prevent double counting of these *charges* in the aggregation. Which set of *charges* to exclude depends on whether costs are aggregated on a billed basis (exclude covered *charges*) or accrual basis (exclude Purchases for future *charges*). For instance, *charges* categorized as [Charge Category](#datamodel.costandusage.chargecategory) ""Purchase"" and their related [Charge Category](#datamodel.costandusage.chargecategory) ""Tax"" *charges* for a Commitment Discount might be excluded from an accrual basis cost aggregation of List Cost. This is because the ""Usage"" and ""Tax"" charge records provided during the term of the commitment discount already specify the List Cost. Purchase *charges* that cover future eligible *charges* can be identified by filtering for [Charge Category](#datamodel.costandusage.chargecategory) ""Purchase"" records with a [Billed Cost](#datamodel.costandusage.billedcost) greater than 0 and an [Effective Cost](#datamodel.costandusage.effectivecost) equal to 0."	audit_recovery	`Usage`
value_review	Owning entity file (ListCost)	specification/datasets/cost_and_usage/columns/listcost.md	20	782	Purchase	"**Aggregation:** When aggregating List Cost for savings calculations, it is important to exclude either [Charge Category](#datamodel.costandusage.chargecategory) ""Purchase"" *charges* (one-time and recurring) that are paid to cover future eligible *charges* (e.g., [commitment discount](#glossary:commitment-discount)) or the covered [Charge Category](#datamodel.costandusage.chargecategory) ""Usage"" *charges* themselves. This exclusion helps prevent double counting of these *charges* in the aggregation. Which set of *charges* to exclude depends on whether costs are aggregated on a billed basis (exclude covered *charges*) or accrual basis (exclude Purchases for future *charges*). For instance, *charges* categorized as [Charge Category](#datamodel.costandusage.chargecategory) ""Purchase"" and their related [Charge Category](#datamodel.costandusage.chargecategory) ""Tax"" *charges* for a Commitment Discount might be excluded from an accrual basis cost aggregation of List Cost. This is because the ""Usage"" and ""Tax"" charge records provided during the term of the commitment discount already specify the List Cost. Purchase *charges* that cover future eligible *charges* can be identified by filtering for [Charge Category](#datamodel.costandusage.chargecategory) ""Purchase"" records with a [Billed Cost](#datamodel.costandusage.billedcost) greater than 0 and an [Effective Cost](#datamodel.costandusage.effectivecost) equal to 0."	audit_recovery	`Purchase`
value_review	Owning entity file (ListCost)	specification/datasets/cost_and_usage/columns/listcost.md	20	869	Tax	"**Aggregation:** When aggregating List Cost for savings calculations, it is important to exclude either [Charge Category](#datamodel.costandusage.chargecategory) ""Purchase"" *charges* (one-time and recurring) that are paid to cover future eligible *charges* (e.g., [commitment discount](#glossary:commitment-discount)) or the covered [Charge Category](#datamodel.costandusage.chargecategory) ""Usage"" *charges* themselves. This exclusion helps prevent double counting of these *charges* in the aggregation. Which set of *charges* to exclude depends on whether costs are aggregated on a billed basis (exclude covered *charges*) or accrual basis (exclude Purchases for future *charges*). For instance, *charges* categorized as [Charge Category](#datamodel.costandusage.chargecategory) ""Purchase"" and their related [Charge Category](#datamodel.costandusage.chargecategory) ""Tax"" *charges* for a Commitment Discount might be excluded from an accrual basis cost aggregation of List Cost. This is because the ""Usage"" and ""Tax"" charge records provided during the term of the commitment discount already specify the List Cost. Purchase *charges* that cover future eligible *charges* can be identified by filtering for [Charge Category](#datamodel.costandusage.chargecategory) ""Purchase"" records with a [Billed Cost](#datamodel.costandusage.billedcost) greater than 0 and an [Effective Cost](#datamodel.costandusage.effectivecost) equal to 0."	audit_recovery	`Tax`
value_review	Owning entity file (ListCost)	specification/datasets/cost_and_usage/columns/listcost.md	20	1002	Usage	"**Aggregation:** When aggregating List Cost for savings calculations, it is important to exclude either [Charge Category](#datamodel.costandusage.chargecategory) ""Purchase"" *charges* (one-time and recurring) that are paid to cover future eligible *charges* (e.g., [commitment discount](#glossary:commitment-discount)) or the covered [Charge Category](#datamodel.costandusage.chargecategory) ""Usage"" *charges* themselves. This exclusion helps prevent double counting of these *charges* in the aggregation. Which set of *charges* to exclude depends on whether costs are aggregated on a billed basis (exclude covered *charges*) or accrual basis (exclude Purchases for future *charges*). For instance, *charges* categorized as [Charge Category](#datamodel.costandusage.chargecategory) ""Purchase"" and their related [Charge Category](#datamodel.costandusage.chargecategory) ""Tax"" *charges* for a Commitment Discount might be excluded from an accrual basis cost aggregation of List Cost. This is because the ""Usage"" and ""Tax"" charge records provided during the term of the commitment discount already specify the List Cost. Purchase *charges* that cover future eligible *charges* can be identified by filtering for [Charge Category](#datamodel.costandusage.chargecategory) ""Purchase"" records with a [Billed Cost](#datamodel.costandusage.billedcost) greater than 0 and an [Effective Cost](#datamodel.costandusage.effectivecost) equal to 0."	audit_recovery	`Usage`
value_review	Owning entity file (ListCost)	specification/datasets/cost_and_usage/columns/listcost.md	20	1014	Tax	"**Aggregation:** When aggregating List Cost for savings calculations, it is important to exclude either [Charge Category](#datamodel.costandusage.chargecategory) ""Purchase"" *charges* (one-time and recurring) that are paid to cover future eligible *charges* (e.g., [commitment discount](#glossary:commitment-discount)) or the covered [Charge Category](#datamodel.costandusage.chargecategory) ""Usage"" *charges* themselves. This exclusion helps prevent double counting of these *charges* in the aggregation. Which set of *charges* to exclude depends on whether costs are aggregated on a billed basis (exclude covered *charges*) or accrual basis (exclude Purchases for future *charges*). For instance, *charges* categorized as [Charge Category](#datamodel.costandusage.chargecategory) ""Purchase"" and their related [Charge Category](#datamodel.costandusage.chargecategory) ""Tax"" *charges* for a Commitment Discount might be excluded from an accrual basis cost aggregation of List Cost. This is because the ""Usage"" and ""Tax"" charge records provided during the term of the commitment discount already specify the List Cost. Purchase *charges* that cover future eligible *charges* can be identified by filtering for [Charge Category](#datamodel.costandusage.chargecategory) ""Purchase"" records with a [Billed Cost](#datamodel.costandusage.billedcost) greater than 0 and an [Effective Cost](#datamodel.costandusage.effectivecost) equal to 0."	audit_recovery	`Tax`
value_review	Owning entity file (ListCost)	specification/datasets/cost_and_usage/columns/listcost.md	20	1267	Purchase	"**Aggregation:** When aggregating List Cost for savings calculations, it is important to exclude either [Charge Category](#datamodel.costandusage.chargecategory) ""Purchase"" *charges* (one-time and recurring) that are paid to cover future eligible *charges* (e.g., [commitment discount](#glossary:commitment-discount)) or the covered [Charge Category](#datamodel.costandusage.chargecategory) ""Usage"" *charges* themselves. This exclusion helps prevent double counting of these *charges* in the aggregation. Which set of *charges* to exclude depends on whether costs are aggregated on a billed basis (exclude covered *charges*) or accrual basis (exclude Purchases for future *charges*). For instance, *charges* categorized as [Charge Category](#datamodel.costandusage.chargecategory) ""Purchase"" and their related [Charge Category](#datamodel.costandusage.chargecategory) ""Tax"" *charges* for a Commitment Discount might be excluded from an accrual basis cost aggregation of List Cost. This is because the ""Usage"" and ""Tax"" charge records provided during the term of the commitment discount already specify the List Cost. Purchase *charges* that cover future eligible *charges* can be identified by filtering for [Charge Category](#datamodel.costandusage.chargecategory) ""Purchase"" records with a [Billed Cost](#datamodel.costandusage.billedcost) greater than 0 and an [Effective Cost](#datamodel.costandusage.effectivecost) equal to 0."	audit_recovery	`Purchase`
value_review	Owning entity file (ContractedCost)	specification/datasets/cost_and_usage/columns/contractedcost.md	20	168	Purchase	"**Aggregation:** When aggregating Contracted Cost for savings calculations, it's important to exclude either [Charge Category](#datamodel.costandusage.chargecategory) ""Purchase"" *charges* (one-time and recurring) that are paid to cover future eligible *charges* (e.g., [commitment discount](#glossary:commitment-discount)) or the covered [Charge Category](#datamodel.costandusage.chargecategory) ""Usage"" *charges* themselves. This exclusion helps prevent double counting of these *charges* in the aggregation. Which set of *charges* to exclude depends on whether costs are aggregated on a billed basis (exclude covered *charges*) or accrual basis (exclude Purchases for future *charges*). For instance, *charges* categorized as [Charge Category](#datamodel.costandusage.chargecategory) ""Purchase"" and their related [Charge Category](#datamodel.costandusage.chargecategory) ""Tax"" *charges* for a Commitment Discount might be excluded from an accrual basis cost aggregation of Contracted Cost. This is because the ""Usage"" and ""Tax"" charge records provided during the commitment [*period*](#glossary:period) already specify the Contracted Cost. Purchase *charges* that cover future eligible *charges* can be identified by filtering for [Charge Category](#datamodel.costandusage.chargecategory) ""Purchase"" records with a [Billed Cost](#datamodel.costandusage.billedcost) greater than 0 and an [Effective Cost](#datamodel.costandusage.effectivecost) equal to 0."	audit_recovery	`Purchase`
value_review	Owning entity file (ContractedCost)	specification/datasets/cost_and_usage/columns/contractedcost.md	20	397	Usage	"**Aggregation:** When aggregating Contracted Cost for savings calculations, it's important to exclude either [Charge Category](#datamodel.costandusage.chargecategory) ""Purchase"" *charges* (one-time and recurring) that are paid to cover future eligible *charges* (e.g., [commitment discount](#glossary:commitment-discount)) or the covered [Charge Category](#datamodel.costandusage.chargecategory) ""Usage"" *charges* themselves. This exclusion helps prevent double counting of these *charges* in the aggregation. Which set of *charges* to exclude depends on whether costs are aggregated on a billed basis (exclude covered *charges*) or accrual basis (exclude Purchases for future *charges*). For instance, *charges* categorized as [Charge Category](#datamodel.costandusage.chargecategory) ""Purchase"" and their related [Charge Category](#datamodel.costandusage.chargecategory) ""Tax"" *charges* for a Commitment Discount might be excluded from an accrual basis cost aggregation of Contracted Cost. This is because the ""Usage"" and ""Tax"" charge records provided during the commitment [*period*](#glossary:period) already specify the Contracted Cost. Purchase *charges* that cover future eligible *charges* can be identified by filtering for [Charge Category](#datamodel.costandusage.chargecategory) ""Purchase"" records with a [Billed Cost](#datamodel.costandusage.billedcost) greater than 0 and an [Effective Cost](#datamodel.costandusage.effectivecost) equal to 0."	audit_recovery	`Usage`
value_review	Owning entity file (ContractedCost)	specification/datasets/cost_and_usage/columns/contractedcost.md	20	787	Purchase	"**Aggregation:** When aggregating Contracted Cost for savings calculations, it's important to exclude either [Charge Category](#datamodel.costandusage.chargecategory) ""Purchase"" *charges* (one-time and recurring) that are paid to cover future eligible *charges* (e.g., [commitment discount](#glossary:commitment-discount)) or the covered [Charge Category](#datamodel.costandusage.chargecategory) ""Usage"" *charges* themselves. This exclusion helps prevent double counting of these *charges* in the aggregation. Which set of *charges* to exclude depends on whether costs are aggregated on a billed basis (exclude covered *charges*) or accrual basis (exclude Purchases for future *charges*). For instance, *charges* categorized as [Charge Category](#datamodel.costandusage.chargecategory) ""Purchase"" and their related [Charge Category](#datamodel.costandusage.chargecategory) ""Tax"" *charges* for a Commitment Discount might be excluded from an accrual basis cost aggregation of Contracted Cost. This is because the ""Usage"" and ""Tax"" charge records provided during the commitment [*period*](#glossary:period) already specify the Contracted Cost. Purchase *charges* that cover future eligible *charges* can be identified by filtering for [Charge Category](#datamodel.costandusage.chargecategory) ""Purchase"" records with a [Billed Cost](#datamodel.costandusage.billedcost) greater than 0 and an [Effective Cost](#datamodel.costandusage.effectivecost) equal to 0."	audit_recovery	`Purchase`
value_review	Owning entity file (ContractedCost)	specification/datasets/cost_and_usage/columns/contractedcost.md	20	874	Tax	"**Aggregation:** When aggregating Contracted Cost for savings calculations, it's important to exclude either [Charge Category](#datamodel.costandusage.chargecategory) ""Purchase"" *charges* (one-time and recurring) that are paid to cover future eligible *charges* (e.g., [commitment discount](#glossary:commitment-discount)) or the covered [Charge Category](#datamodel.costandusage.chargecategory) ""Usage"" *charges* themselves. This exclusion helps prevent double counting of these *charges* in the aggregation. Which set of *charges* to exclude depends on whether costs are aggregated on a billed basis (exclude covered *charges*) or accrual basis (exclude Purchases for future *charges*). For instance, *charges* categorized as [Charge Category](#datamodel.costandusage.chargecategory) ""Purchase"" and their related [Charge Category](#datamodel.costandusage.chargecategory) ""Tax"" *charges* for a Commitment Discount might be excluded from an accrual basis cost aggregation of Contracted Cost. This is because the ""Usage"" and ""Tax"" charge records provided during the commitment [*period*](#glossary:period) already specify the Contracted Cost. Purchase *charges* that cover future eligible *charges* can be identified by filtering for [Charge Category](#datamodel.costandusage.chargecategory) ""Purchase"" records with a [Billed Cost](#datamodel.costandusage.billedcost) greater than 0 and an [Effective Cost](#datamodel.costandusage.effectivecost) equal to 0."	audit_recovery	`Tax`
value_review	Owning entity file (ContractedCost)	specification/datasets/cost_and_usage/columns/contractedcost.md	20	1013	Usage	"**Aggregation:** When aggregating Contracted Cost for savings calculations, it's important to exclude either [Charge Category](#datamodel.costandusage.chargecategory) ""Purchase"" *charges* (one-time and recurring) that are paid to cover future eligible *charges* (e.g., [commitment discount](#glossary:commitment-discount)) or the covered [Charge Category](#datamodel.costandusage.chargecategory) ""Usage"" *charges* themselves. This exclusion helps prevent double counting of these *charges* in the aggregation. Which set of *charges* to exclude depends on whether costs are aggregated on a billed basis (exclude covered *charges*) or accrual basis (exclude Purchases for future *charges*). For instance, *charges* categorized as [Charge Category](#datamodel.costandusage.chargecategory) ""Purchase"" and their related [Charge Category](#datamodel.costandusage.chargecategory) ""Tax"" *charges* for a Commitment Discount might be excluded from an accrual basis cost aggregation of Contracted Cost. This is because the ""Usage"" and ""Tax"" charge records provided during the commitment [*period*](#glossary:period) already specify the Contracted Cost. Purchase *charges* that cover future eligible *charges* can be identified by filtering for [Charge Category](#datamodel.costandusage.chargecategory) ""Purchase"" records with a [Billed Cost](#datamodel.costandusage.billedcost) greater than 0 and an [Effective Cost](#datamodel.costandusage.effectivecost) equal to 0."	audit_recovery	`Usage`
value_review	Owning entity file (ContractedCost)	specification/datasets/cost_and_usage/columns/contractedcost.md	20	1025	Tax	"**Aggregation:** When aggregating Contracted Cost for savings calculations, it's important to exclude either [Charge Category](#datamodel.costandusage.chargecategory) ""Purchase"" *charges* (one-time and recurring) that are paid to cover future eligible *charges* (e.g., [commitment discount](#glossary:commitment-discount)) or the covered [Charge Category](#datamodel.costandusage.chargecategory) ""Usage"" *charges* themselves. This exclusion helps prevent double counting of these *charges* in the aggregation. Which set of *charges* to exclude depends on whether costs are aggregated on a billed basis (exclude covered *charges*) or accrual basis (exclude Purchases for future *charges*). For instance, *charges* categorized as [Charge Category](#datamodel.costandusage.chargecategory) ""Purchase"" and their related [Charge Category](#datamodel.costandusage.chargecategory) ""Tax"" *charges* for a Commitment Discount might be excluded from an accrual basis cost aggregation of Contracted Cost. This is because the ""Usage"" and ""Tax"" charge records provided during the commitment [*period*](#glossary:period) already specify the Contracted Cost. Purchase *charges* that cover future eligible *charges* can be identified by filtering for [Charge Category](#datamodel.costandusage.chargecategory) ""Purchase"" records with a [Billed Cost](#datamodel.costandusage.billedcost) greater than 0 and an [Effective Cost](#datamodel.costandusage.effectivecost) equal to 0."	audit_recovery	`Tax`
value_review	Owning entity file (ContractedCost)	specification/datasets/cost_and_usage/columns/contractedcost.md	20	1292	Purchase	"**Aggregation:** When aggregating Contracted Cost for savings calculations, it's important to exclude either [Charge Category](#datamodel.costandusage.chargecategory) ""Purchase"" *charges* (one-time and recurring) that are paid to cover future eligible *charges* (e.g., [commitment discount](#glossary:commitment-discount)) or the covered [Charge Category](#datamodel.costandusage.chargecategory) ""Usage"" *charges* themselves. This exclusion helps prevent double counting of these *charges* in the aggregation. Which set of *charges* to exclude depends on whether costs are aggregated on a billed basis (exclude covered *charges*) or accrual basis (exclude Purchases for future *charges*). For instance, *charges* categorized as [Charge Category](#datamodel.costandusage.chargecategory) ""Purchase"" and their related [Charge Category](#datamodel.costandusage.chargecategory) ""Tax"" *charges* for a Commitment Discount might be excluded from an accrual basis cost aggregation of Contracted Cost. This is because the ""Usage"" and ""Tax"" charge records provided during the commitment [*period*](#glossary:period) already specify the Contracted Cost. Purchase *charges* that cover future eligible *charges* can be identified by filtering for [Charge Category](#datamodel.costandusage.chargecategory) ""Purchase"" records with a [Billed Cost](#datamodel.costandusage.billedcost) greater than 0 and an [Effective Cost](#datamodel.costandusage.effectivecost) equal to 0."	audit_recovery	`Purchase`
value_high	Entity predicate (CommitmentDiscountCategory)	specification/datasets/cost_and_usage/columns/commitmentdiscountquantity.md	5	90	Usage	"When [CommitmentDiscountCategory](#datamodel.costandusage.commitmentdiscountcategory) is ""Usage"" (usage-based *commitment discounts*), the Commitment Discount Quantity reflects the predefined amount of usage purchased or consumed. If [*commitment discount flexibility*](#glossary:commitment-discount-flexibility) is applicable, this value may be further transformed based on additional, service-provider-specific requirements. When CommitmentDiscountCategory is ""Spend"" (spend-based *commitment discounts*), the Commitment Discount Quantity reflects the predefined amount of spend purchased or consumed. See [Appendix: Commitment Discount Flexibility](#appendix.examples:commitmentdiscountflexibility) for more details around *commitment discount flexibility*."	audit_recovery	`Usage`
value_high	Entity predicate (CommitmentDiscountCategory)	specification/datasets/cost_and_usage/columns/commitmentdiscountquantity.md	5	463	Spend	"When [CommitmentDiscountCategory](#datamodel.costandusage.commitmentdiscountcategory) is ""Usage"" (usage-based *commitment discounts*), the Commitment Discount Quantity reflects the predefined amount of usage purchased or consumed. If [*commitment discount flexibility*](#glossary:commitment-discount-flexibility) is applicable, this value may be further transformed based on additional, service-provider-specific requirements. When CommitmentDiscountCategory is ""Spend"" (spend-based *commitment discounts*), the Commitment Discount Quantity reflects the predefined amount of spend purchased or consumed. See [Appendix: Commitment Discount Flexibility](#appendix.examples:commitmentdiscountflexibility) for more details around *commitment discount flexibility*."	audit_recovery	`Spend`
value_review	Owning entity file (CommitmentDiscountQuantity)	specification/datasets/cost_and_usage/columns/commitmentdiscountquantity.md	28	227	Purchase	"**Aggregation:** When aggregating Commitment Discount Quantity for commitment utilization calculations, it's important to exclude [*commitment discount*](#glossary:commitment-discount) purchases (i.e., when Charge Category is ""Purchase"") that are paid to cover future eligible [*charges*](#glossary:charge) (e.g., *commitment discount*). Otherwise, when accounting for all upfront or accrued purchases, it's important to exclude *commitment discount* usage (i.e., when Charge Category is ""Usage""). This exclusion helps prevent double counting of these quantities in the aggregation."	audit_recovery	`Purchase`
value_high	Entity predicate (CommitmentDiscountUnit)	specification/appendix/commitment_discounts/commitment_discounts.md	11	324	USD	"Spend-based *commitment discounts* obligate a customer to a predetermined amount of spend over a specified [*period*](#glossary:period). In the usage examples below, each [*row*](#glossary:row) measures the monetary amount of the hourly commit consumed by the *commitment discount*, so the CommitmentDiscountUnit chosen is ""USD"", or the [*billing currency*](#glossary:billing-currency)."	audit_recovery	`USD`
ambiguous	No deterministic value relationship	CHANGELOG.md	476	76	Other	"* Added requirement for mapping the value to a single ServiceCategory or ""Other""."	apply_repo_review	`Other`
ambiguous	No deterministic value relationship	CHANGELOG.md	477	82	Other	"* Added recommendation for mapping the value to a single ServiceSubcategory or ""Other""."	apply_repo_review	`Other`
value_high	Entity predicate (ChargeCategory)	CHANGELOG.md	491	113	Usage	"* Added requirement that the value must be associated with a given resource or service when ChargeCategory is ""Usage"" or ""Purchase""."	apply_repo_review	`Usage`
value_high	Same line as explicit value context	CHANGELOG.md	491	124	Purchase	"* Added requirement that the value must be associated with a given resource or service when ChargeCategory is ""Usage"" or ""Purchase""."	apply_repo_review	`Purchase`
value_high	Entity predicate (CommitmentDiscountStatus)	CHANGELOG.md	541	53	Unused	"* Must be null when `CommitmentDiscountStatus` is ""Unused""."	apply_repo_review	`Unused`
value_high	Entity predicate (ChargeClass)	CHANGELOG.md	543	44	Correction	"* Must be null when `ChargeClass` is not ""Correction"" and `ChargeCategory` is not ""Usage""."	apply_repo_review	`Correction`
value_high	Entity predicate (ChargeCategory)	CHANGELOG.md	543	85	Usage	"* Must be null when `ChargeClass` is not ""Correction"" and `ChargeCategory` is not ""Usage""."	apply_repo_review	`Usage`
value_high	Entity predicate (ChargeClass)	CHANGELOG.md	544	44	Correction	"* Must be null when `ChargeClass` is not ""Correction"" and `ChargeCategory` is ""Usage"" and `CommitmentDiscountStatus` is ""Unused""."	apply_repo_review	`Correction`
value_high	Entity predicate (ChargeCategory)	CHANGELOG.md	544	81	Usage	"* Must be null when `ChargeClass` is not ""Correction"" and `ChargeCategory` is ""Usage"" and `CommitmentDiscountStatus` is ""Unused""."	apply_repo_review	`Usage`
value_high	Entity predicate (CommitmentDiscountStatus)	CHANGELOG.md	544	123	Unused	"* Must be null when `ChargeClass` is not ""Correction"" and `ChargeCategory` is ""Usage"" and `CommitmentDiscountStatus` is ""Unused""."	apply_repo_review	`Unused`
value_high	Entity predicate (ChargeCategory)	CHANGELOG.md	545	42	Usage	"* May be null when `ChargeCategory` is ""Usage"" and `ChargeClass` is ""Correction""."	apply_repo_review	`Usage`
value_high	Entity predicate (ChargeCategory)	CHANGELOG.md	545	71	Correction	"* May be null when `ChargeCategory` is ""Usage"" and `ChargeClass` is ""Correction""."	apply_repo_review	`Correction`
value_high	Entity predicate (CommitmentDiscountStatus)	CHANGELOG.md	547	40	Unused	"* When `CommitmentDiscountStatus` is ""Unused"", must be the difference between the used commitment discount amount and the portion of the total commitment discount purchase applicable for the charge period."	apply_repo_review	`Unused`
ambiguous	No deterministic value relationship	CHANGELOG.md	549	17	Committed	"* Must not be ""Committed"" when the charge is for a commitment discount purchase."	apply_repo_review	`Committed`
ambiguous	No deterministic value relationship	CHANGELOG.md	610	11	Credit	"* Added ""Credit"" value for credits and any applicable credit corrections. See added `ChargeClass` column."	apply_repo_review	`Credit`
ambiguous	No deterministic value relationship	CHANGELOG.md	611	13	Usage	"* Updated ""Usage"", ""Purchase"", and ""Tax"" to include refunds/corrections. See added `ChargeClass` column."	apply_repo_review	`Usage`
ambiguous	No deterministic value relationship	CHANGELOG.md	611	22	Purchase	"* Updated ""Usage"", ""Purchase"", and ""Tax"" to include refunds/corrections. See added `ChargeClass` column."	apply_repo_review	`Purchase`
ambiguous	No deterministic value relationship	CHANGELOG.md	611	38	Tax	"* Updated ""Usage"", ""Purchase"", and ""Tax"" to include refunds/corrections. See added `ChargeClass` column."	apply_repo_review	`Tax`
ambiguous	No deterministic value relationship	CHANGELOG.md	612	13	Adjustment	"* Updated ""Adjustment"" value to exclude credits and refunds."	apply_repo_review	`Adjustment`
ambiguous	No deterministic value relationship	CHANGELOG.md	624	72	Usage	"* Column renamed from UsageQuantity. It is now limited to ChargeType ""Usage"" rows."	apply_repo_review	`Usage`
value_high	Entity predicate (ChargeCategory)	CHANGELOG.md	626	54	Usage	"* Column must not be null when `ChargeCategory` is ""Usage"" and `ChargeClass` is not ""Correction""."	apply_repo_review	`Usage`
value_high	Entity predicate (ChargeCategory)	CHANGELOG.md	626	87	Correction	"* Column must not be null when `ChargeCategory` is ""Usage"" and `ChargeClass` is not ""Correction""."	apply_repo_review	`Correction`
ambiguous	No deterministic value relationship	CHANGELOG.md	628	68	Usage	"* Column renamed from UsageUnit. It is now limited to ChargeType ""Usage"" rows."	apply_repo_review	`Usage`
value_high	Entity predicate (ChargeCategory)	CHANGELOG.md	630	54	Usage	"* Column must not be null when `ChargeCategory` is ""Usage"" and `ChargeClass` is not ""Correction""."	apply_repo_review	`Usage`
value_high	Entity predicate (ChargeCategory)	CHANGELOG.md	630	87	Correction	"* Column must not be null when `ChargeCategory` is ""Usage"" and `ChargeClass` is not ""Correction""."	apply_repo_review	`Correction`
value_high	Entity predicate (ChargeClass)	CHANGELOG.md	636	48	Correction	"* Must not be null when `ChargeClass` is not ""Correction"" and `ChargeCategory` is ""Usage"" or ""Purchase""."	apply_repo_review	`Correction`
value_high	Entity predicate (ChargeCategory)	CHANGELOG.md	636	85	Usage	"* Must not be null when `ChargeClass` is not ""Correction"" and `ChargeCategory` is ""Usage"" or ""Purchase""."	apply_repo_review	`Usage`
value_high	Same line as explicit value context	CHANGELOG.md	636	96	Purchase	"* Must not be null when `ChargeClass` is not ""Correction"" and `ChargeCategory` is ""Usage"" or ""Purchase""."	apply_repo_review	`Purchase`
value_high	Entity predicate (ChargeCategory)	CHANGELOG.md	637	43	Tax	"* Must be null when `ChargeCategory` is ""Tax""."	apply_repo_review	`Tax`
ambiguous	No deterministic value relationship	CHANGELOG.md	640	13	On-Demand	"* Changed ""On-Demand"" to ""Standard""."	apply_repo_review	`On-Demand`
ambiguous	No deterministic value relationship	CHANGELOG.md	640	28	Standard	"* Changed ""On-Demand"" to ""Standard""."	apply_repo_review	`Standard`
ambiguous	No deterministic value relationship	CHANGELOG.md	641	13	Commitment-Based	"* Changed ""Commitment-Based"" to ""Committed""."	apply_repo_review	`Commitment-Based`
ambiguous	No deterministic value relationship	CHANGELOG.md	641	35	Committed	"* Changed ""Commitment-Based"" to ""Committed""."	apply_repo_review	`Committed`
value_high	Entity predicate (ChargeClass)	CHANGELOG.md	642	48	Correction	"* Must not be null when `ChargeClass` is not ""Correction"" and `ChargeCategory` is ""Usage"" or ""Purchase""."	apply_repo_review	`Correction`
value_high	Entity predicate (ChargeCategory)	CHANGELOG.md	642	85	Usage	"* Must not be null when `ChargeClass` is not ""Correction"" and `ChargeCategory` is ""Usage"" or ""Purchase""."	apply_repo_review	`Usage`
value_high	Same line as explicit value context	CHANGELOG.md	642	96	Purchase	"* Must not be null when `ChargeClass` is not ""Correction"" and `ChargeCategory` is ""Usage"" or ""Purchase""."	apply_repo_review	`Purchase`
value_high	Entity predicate (ChargeCategory)	CHANGELOG.md	643	43	Tax	"* Must be null when `ChargeCategory` is ""Tax""."	apply_repo_review	`Tax`
value_high	Entity predicate (ChargeClass)	CHANGELOG.md	645	48	Correction	"* Must not be null when `ChargeClass` is not ""Correction"" and `ChargeCategory` is ""Usage"" or ""Purchase""."	apply_repo_review	`Correction`
value_high	Entity predicate (ChargeCategory)	CHANGELOG.md	645	85	Usage	"* Must not be null when `ChargeClass` is not ""Correction"" and `ChargeCategory` is ""Usage"" or ""Purchase""."	apply_repo_review	`Usage`
value_high	Same line as explicit value context	CHANGELOG.md	645	96	Purchase	"* Must not be null when `ChargeClass` is not ""Correction"" and `ChargeCategory` is ""Usage"" or ""Purchase""."	apply_repo_review	`Purchase`
value_high	Entity predicate (ChargeCategory)	CHANGELOG.md	646	43	Tax	"* Must be null when `ChargeCategory` is ""Tax""."	apply_repo_review	`Tax`
value_high	Entity predicate (ChargeClass)	CHANGELOG.md	648	48	Correction	"* Must not be null when `ChargeClass` is not ""Correction"" and `ChargeCategory` is ""Usage"" or ""Purchase""."	apply_repo_review	`Correction`
value_high	Entity predicate (ChargeCategory)	CHANGELOG.md	648	85	Usage	"* Must not be null when `ChargeClass` is not ""Correction"" and `ChargeCategory` is ""Usage"" or ""Purchase""."	apply_repo_review	`Usage`
value_high	Same line as explicit value context	CHANGELOG.md	648	96	Purchase	"* Must not be null when `ChargeClass` is not ""Correction"" and `ChargeCategory` is ""Usage"" or ""Purchase""."	apply_repo_review	`Purchase`
value_high	Entity predicate (ChargeCategory)	CHANGELOG.md	649	43	Tax	"* Must be null when `ChargeCategory` is ""Tax""."	apply_repo_review	`Tax`
value_high	Entity predicate (ChargeClass)	CHANGELOG.md	660	48	Correction	"* Must not be null when `ChargeClass` is not ""Correction"" and `ChargeCategory` is ""Usage"" or ""Purchase""."	apply_repo_review	`Correction`
value_high	Entity predicate (ChargeCategory)	CHANGELOG.md	660	85	Usage	"* Must not be null when `ChargeClass` is not ""Correction"" and `ChargeCategory` is ""Usage"" or ""Purchase""."	apply_repo_review	`Usage`
value_high	Same line as explicit value context	CHANGELOG.md	660	96	Purchase	"* Must not be null when `ChargeClass` is not ""Correction"" and `ChargeCategory` is ""Usage"" or ""Purchase""."	apply_repo_review	`Purchase`
value_high	Entity predicate (ChargeCategory)	CHANGELOG.md	661	43	Tax	"* Must be null when `ChargeCategory` is ""Tax""."	apply_repo_review	`Tax`
value_high	Entity predicate (ChargeClass)	CHANGELOG.md	664	48	Correction	"* Must not be null when `ChargeClass` is not ""Correction"" and `ChargeCategory` is ""Usage"" or ""Purchase""."	apply_repo_review	`Correction`
value_high	Entity predicate (ChargeCategory)	CHANGELOG.md	664	85	Usage	"* Must not be null when `ChargeClass` is not ""Correction"" and `ChargeCategory` is ""Usage"" or ""Purchase""."	apply_repo_review	`Usage`
value_high	Same line as explicit value context	CHANGELOG.md	664	96	Purchase	"* Must not be null when `ChargeClass` is not ""Correction"" and `ChargeCategory` is ""Usage"" or ""Purchase""."	apply_repo_review	`Purchase`
value_high	Entity predicate (ChargeCategory)	CHANGELOG.md	665	43	Tax	"* Must be null when `ChargeCategory` is ""Tax""."	apply_repo_review	`Tax`
value_review	Owning entity file (ContractCommitmentDurationType)	specification/datasets/contract_commitment/columns/contractcommitmentdurationtype.md	42	80	[Numeric Value] [Unit]	"A given Contract Commitment Duration Type value follows a structured format of ""[Numeric Value] [Unit]""."	apply_repo_review	`[Numeric Value] [Unit]`
ambiguous	No deterministic value relationship	supporting_content/attributes/dataset_configuration.md	195	3	prod	"* ""prod"" should match ""Prod"", ""PROD"", and ""prod"""	apply_repo_review	`prod`
ambiguous	No deterministic value relationship	supporting_content/attributes/dataset_configuration.md	195	23	Prod	"* ""prod"" should match ""Prod"", ""PROD"", and ""prod"""	apply_repo_review	`Prod`
ambiguous	No deterministic value relationship	supporting_content/attributes/dataset_configuration.md	195	31	PROD	"* ""prod"" should match ""Prod"", ""PROD"", and ""prod"""	apply_repo_review	`PROD`
ambiguous	No deterministic value relationship	supporting_content/attributes/dataset_configuration.md	195	43	prod	"* ""prod"" should match ""Prod"", ""PROD"", and ""prod"""	apply_repo_review	`prod`
ambiguous	No deterministic value relationship	supporting_content/attributes/dataset_configuration.md	202	3	Prod	"* ""Prod"" and ""prod"" likely represent the same environment"	apply_repo_review	`Prod`
ambiguous	No deterministic value relationship	supporting_content/attributes/dataset_configuration.md	202	14	prod	"* ""Prod"" and ""prod"" likely represent the same environment"	apply_repo_review	`prod`
ambiguous	No deterministic value relationship	supporting_content/attributes/dataset_configuration.md	207	8	Prod	"* When ""Prod"" and ""prod"" are merged, which value should be returned?"	apply_repo_review	`Prod`
ambiguous	No deterministic value relationship	supporting_content/attributes/dataset_configuration.md	207	19	prod	"* When ""Prod"" and ""prod"" are merged, which value should be returned?"	apply_repo_review	`prod`
ambiguous	No deterministic value relationship	supporting_content/attributes/discount_handling.md	38	8	Unused commitment	"5. The ""Unused commitment"" row is for that unused amount."	apply_repo_review	`Unused commitment`
value_high	Entity predicate (ChargeCategory)	supporting_content/datasets/cost_and_usage/columns/billed-and-effective-cost.md	38	114	Tax	"* ~~**NOK:** EffectiveCost MUST be derived from the EffectiveCost of underlying *charges* when ChargeCategory is ""Tax"" or ""Adjustment"".~~"	apply_repo_review	`Tax`
value_high	Normative entity context (ChargeCategory)	supporting_content/datasets/cost_and_usage/columns/billed-and-effective-cost.md	38	123	Adjustment	"* ~~**NOK:** EffectiveCost MUST be derived from the EffectiveCost of underlying *charges* when ChargeCategory is ""Tax"" or ""Adjustment"".~~"	apply_repo_review	`Adjustment`
value_high	Entity predicate (InvoiceIssuerName)	supporting_content/datasets/cost_and_usage/columns/billed-and-effective-cost.md	54	260	Closed	"> * The sum of InvoiceDetail.BilledCost for a given InvoiceDetail.InvoiceDetailId, InvoiceDetail.InvoiceId, and InvoiceDetail.InvoiceIssuerName MUST match the payable amount provided in the corresponding invoice line items when InvoiceDetail.InvoiceStatus is ""Closed""."	apply_repo_review	`Closed`
value_high	Entity predicate (InvoiceIssuerName)	supporting_content/datasets/cost_and_usage/columns/billed-and-effective-cost.md	55	329	Closed	"> * The sum of InvoiceDetail.BilledCost for a given InvoiceDetail.InvoiceDetailId, InvoiceDetail.InvoiceId, and InvoiceDetail.InvoiceIssuerName MUST match the sum of CostAndUsage.BilledCost for the same CostAndUsage.InvoiceDetailId, CostAndUsage.InvoiceId, and CostAndUsage.InvoiceIssuerName when InvoiceDetail.InvoiceStatus is ""Closed""."	apply_repo_review	`Closed`
value_high	Entity predicate (InvoiceIssuerName)	supporting_content/datasets/cost_and_usage/columns/billed-and-effective-cost.md	56	334	Open	"> * The sum of InvoiceDetail.BilledCost for a given InvoiceDetail.InvoiceDetailId, InvoiceDetail.InvoiceId, and InvoiceDetail.InvoiceIssuerName MAY differ from the sum of CostAndUsage.BilledCost for the same CostAndUsage.InvoiceDetailId, CostAndUsage.InvoiceId, and CostAndUsage.InvoiceIssuerName when InvoiceDetail.InvoiceStatus is ""Open""."	apply_repo_review	`Open`
value_high	Entity predicate (ChargeCategory)	supporting_content/datasets/cost_and_usage/columns/billed-and-effective-cost.md	78	196	Adjustment	"* ~~**NOK:** EffectiveCost MUST match the BilledCost in scenarios where this *charge* is not covering other eligible *charges* or is not covered by other eligible *charges* and ChargeCategory is ""Adjustment"".~~"	apply_repo_review	`Adjustment`
value_high	Entity predicate (ChargeCategory)	supporting_content/datasets/cost_and_usage/columns/billed-and-effective-cost.md	80	77	Adjustment	"* ~~**NOK:** EffectiveCost MUST equal BilledCost when ChargeCategory is not ""Adjustment"" and the *charge* is neither intended to cover other eligible *charges* nor covered by other eligible *charges*.~~"	apply_repo_review	`Adjustment`
value_high	Entity predicate (ChargeCategory)	supporting_content/datasets/cost_and_usage/columns/billed-and-effective-cost.md	81	71	Usage	"* **NOK:** EffectiveCost MUST equal BilledCost when ChargeCategory is ""Usage"" and the *charge* is not covered by other eligible *charges*."	apply_repo_review	`Usage`
value_high	Entity predicate (ChargeCategory)	supporting_content/datasets/cost_and_usage/columns/billed-and-effective-cost.md	82	71	Purchase	"* **NOK:** EffectiveCost MUST equal BilledCost when ChargeCategory is ""Purchase"" and the *charge* is neither intended to cover other eligible *charges* nor covered by other eligible *charges*."	apply_repo_review	`Purchase`
value_high	Entity predicate (ChargeCategory)	supporting_content/datasets/cost_and_usage/columns/billed-and-effective-cost.md	83	71	Tax	"* **NOK:** EffectiveCost MUST equal BilledCost when ChargeCategory is ""Tax"" or ""Credit""."	apply_repo_review	`Tax`
value_high	Normative entity context (ChargeCategory)	supporting_content/datasets/cost_and_usage/columns/billed-and-effective-cost.md	83	80	Credit	"* **NOK:** EffectiveCost MUST equal BilledCost when ChargeCategory is ""Tax"" or ""Credit""."	apply_repo_review	`Credit`
value_high	Entity predicate (ChargeCategory)	supporting_content/datasets/cost_and_usage/columns/billed-and-effective-cost.md	84	76	Adjustment	"* **NOK:** EffectiveCost MAY differ from BilledCost when ChargeCategory is ""Adjustment""."	apply_repo_review	`Adjustment`
value_high	Entity predicate (ChargeCategory)	supporting_content/datasets/cost_and_usage/columns/billed-and-effective-cost.md	88	59	Purchase	"* **NOK:** EffectiveCost MUST be 0 when ChargeCategory is ""Purchase"" and the purchase is intended to cover related eligible *charges*."	apply_repo_review	`Purchase`
value_high	Entity predicate (ChargeCategory)	supporting_content/datasets/cost_and_usage/columns/billed-and-effective-cost.md	92	114	Tax	"* ~~**NOK:** EffectiveCost MUST be derived from the EffectiveCost of underlying *charges* when ChargeCategory is ""Tax"" or ""Adjustment"".~~"	apply_repo_review	`Tax`
value_high	Normative entity context (ChargeCategory)	supporting_content/datasets/cost_and_usage/columns/billed-and-effective-cost.md	92	123	Adjustment	"* ~~**NOK:** EffectiveCost MUST be derived from the EffectiveCost of underlying *charges* when ChargeCategory is ""Tax"" or ""Adjustment"".~~"	apply_repo_review	`Adjustment`
value_high	Entity predicate (ChargeCategory)	supporting_content/datasets/cost_and_usage/columns/billed-and-effective-cost.md	96	238	Purchase	"* **NOK:** The sum of EffectiveCost MUST equal the sum of BilledCost within [*dataset artifacts*](#glossary:dataset-artifact) from a single data generator when those *dataset artifacts* include both purchase *charges* (ChargeCategory is ""Purchase"") and the related eligible *charges* they are intended to cover from the same source, or when the artifact contains neither purchase nor covered charges."	apply_repo_review	`Purchase`
value_high	Entity predicate (ChargeCategory)	supporting_content/datasets/cost_and_usage/columns/billed-and-effective-cost.md	97	231	Purchase	"* **NOK:** The sum of EffectiveCost MAY differ from the sum of BilledCost within [*dataset artifacts*](#glossary:dataset-artifact) from a single data generator when the artifact contains only purchase *charges* (ChargeCategory is ""Purchase"") or only the related eligible *charges* they are intended to cover, and those *charges* originate from different data sources (e.g., marketplace scenarios)."	apply_repo_review	`Purchase`
value_high	Entity predicate (ChargeCategory)	supporting_content/datasets/cost_and_usage/columns/billed-and-effective-cost.md	104	65	Usage	"* ~~**NOK:** The sum of EffectiveCost where ChargeCategory is ""Usage"" MUST equal the sum of BilledCost where ChargeCategory is ""Purchase"".~~"	apply_repo_review	`Usage`
value_high	Entity predicate (ChargeCategory)	supporting_content/datasets/cost_and_usage/columns/billed-and-effective-cost.md	104	130	Purchase	"* ~~**NOK:** The sum of EffectiveCost where ChargeCategory is ""Usage"" MUST equal the sum of BilledCost where ChargeCategory is ""Purchase"".~~"	apply_repo_review	`Purchase`
value_high	Entity predicate (ChargeCategory)	supporting_content/datasets/cost_and_usage/columns/billed-and-effective-cost.md	105	65	Usage	"* ~~**NOK:** The sum of EffectiveCost where ChargeCategory is ""Usage"" MUST equal the sum of EffectiveCost where ChargeCategory is ""Usage"" and [CommitmentDiscountStatus](#datasets.costandusage.commitmentdiscountstatus) is ""Used"", plus the sum of EffectiveCost where ChargeCategory is ""Usage"" and CommitmentDiscountStatus is ""Unused"".~~"	apply_repo_review	`Usage`
value_high	Entity predicate (ChargeCategory)	supporting_content/datasets/cost_and_usage/columns/billed-and-effective-cost.md	105	133	Usage	"* ~~**NOK:** The sum of EffectiveCost where ChargeCategory is ""Usage"" MUST equal the sum of EffectiveCost where ChargeCategory is ""Usage"" and [CommitmentDiscountStatus](#datasets.costandusage.commitmentdiscountstatus) is ""Used"", plus the sum of EffectiveCost where ChargeCategory is ""Usage"" and CommitmentDiscountStatus is ""Unused"".~~"	apply_repo_review	`Usage`
value_high	Entity predicate (CommitmentDiscountStatus)	supporting_content/datasets/cost_and_usage/columns/billed-and-effective-cost.md	105	224	Used	"* ~~**NOK:** The sum of EffectiveCost where ChargeCategory is ""Usage"" MUST equal the sum of EffectiveCost where ChargeCategory is ""Usage"" and [CommitmentDiscountStatus](#datasets.costandusage.commitmentdiscountstatus) is ""Used"", plus the sum of EffectiveCost where ChargeCategory is ""Usage"" and CommitmentDiscountStatus is ""Unused"".~~"	apply_repo_review	`Used`
value_high	Entity predicate (CommitmentDiscountStatus)	supporting_content/datasets/cost_and_usage/columns/billed-and-effective-cost.md	105	286	Usage	"* ~~**NOK:** The sum of EffectiveCost where ChargeCategory is ""Usage"" MUST equal the sum of EffectiveCost where ChargeCategory is ""Usage"" and [CommitmentDiscountStatus](#datasets.costandusage.commitmentdiscountstatus) is ""Used"", plus the sum of EffectiveCost where ChargeCategory is ""Usage"" and CommitmentDiscountStatus is ""Unused"".~~"	apply_repo_review	`Usage`
value_high	Entity predicate (CommitmentDiscountStatus)	supporting_content/datasets/cost_and_usage/columns/billed-and-effective-cost.md	105	326	Unused	"* ~~**NOK:** The sum of EffectiveCost where ChargeCategory is ""Usage"" MUST equal the sum of EffectiveCost where ChargeCategory is ""Usage"" and [CommitmentDiscountStatus](#datasets.costandusage.commitmentdiscountstatus) is ""Used"", plus the sum of EffectiveCost where ChargeCategory is ""Usage"" and CommitmentDiscountStatus is ""Unused"".~~"	apply_repo_review	`Unused`
value_high	Entity predicate (CommitmentDiscountStatus)	supporting_content/datasets/cost_and_usage/columns/billed-and-effective-cost.md	106	49	Used	"* ~~**NOK:** When CommitmentDiscountStatus is ""Used"", EffectiveCost MUST represent the portion of the amortized *commitment discount* allocated to eligible *resources* or *services* consumed during the *charge period*.~~"	apply_repo_review	`Used`
value_high	Entity predicate (CommitmentDiscountStatus)	supporting_content/datasets/cost_and_usage/columns/billed-and-effective-cost.md	107	49	Unused	"* ~~**NOK:** When CommitmentDiscountStatus is ""Unused"", EffectiveCost MUST represent the portion of the amortized *commitment discount* that was not allocated to any *resources* or *services* during the *charge period*.~~"	apply_repo_review	`Unused`
value_high	Entity predicate (ChargeCategory)	supporting_content/datasets/cost_and_usage/columns/billed-and-effective-cost.md	115	61	Usage	"* **NOK:** The sum of EffectiveCost where ChargeCategory is ""Usage"" for a given [CommitmentDiscountId](#datasets.costandusage.commitmentdiscountid) MUST equal the sum of BilledCost where ChargeCategory is ""Purchase"" for the same CommitmentDiscountId."	apply_repo_review	`Usage`
value_high	Entity predicate (CommitmentDiscountId)	supporting_content/datasets/cost_and_usage/columns/billed-and-effective-cost.md	115	206	Purchase	"* **NOK:** The sum of EffectiveCost where ChargeCategory is ""Usage"" for a given [CommitmentDiscountId](#datasets.costandusage.commitmentdiscountid) MUST equal the sum of BilledCost where ChargeCategory is ""Purchase"" for the same CommitmentDiscountId."	apply_repo_review	`Purchase`
value_high	Entity predicate (CommitmentDiscountStatus)	supporting_content/datasets/cost_and_usage/columns/billed-and-effective-cost.md	116	209	Used	"* **NOK:** EffectiveCost MUST represent the portion of the amortized *commitment discount* allocated to eligible *resources* or *services* consumed during the *charge period* when CommitmentDiscountStatus is ""Used""."	apply_repo_review	`Used`
value_high	Entity predicate (CommitmentDiscountStatus)	supporting_content/datasets/cost_and_usage/columns/billed-and-effective-cost.md	117	208	Unused	"* **NOK:** EffectiveCost MUST represent the portion of the amortized *commitment discount* that was not allocated to any *resources* or *services* during the *charge period* when CommitmentDiscountStatus is ""Unused""."	apply_repo_review	`Unused`
value_high	Entity predicate (ChargeCategory)	supporting_content/datasets/cost_and_usage/columns/billed-and-effective-cost.md	131	93	Purchase	"> * EffectiveCost MUST be 0 when [ChargeCategory](#datasets.costandusage.chargecategory) is ""Purchase"" and the purchase is intended to cover related eligible *charges*."	apply_repo_review	`Purchase`
value_high	Entity predicate (ChargeCategory)	supporting_content/datasets/cost_and_usage/columns/billed-and-effective-cost.md	133	32	Usage	"> * When ChargeCategory is not ""Usage"" or ""Purchase"", EffectiveCost adheres to the following additional requirements:"	apply_repo_review	`Usage`
value_high	Same line as explicit value context	supporting_content/datasets/cost_and_usage/columns/billed-and-effective-cost.md	133	43	Purchase	"> * When ChargeCategory is not ""Usage"" or ""Purchase"", EffectiveCost adheres to the following additional requirements:"	apply_repo_review	`Purchase`
value_high	Entity predicate (ChargeCategory)	supporting_content/datasets/cost_and_usage/columns/billed-and-effective-cost.md	134	105	Tax	">   * EffectiveCost of a *charge* calculated based on other *charges* (e.g., when the ChargeCategory is ""Tax"") MUST be calculated based on the EffectiveCost of those related *charges*."	apply_repo_review	`Tax`
value_high	Entity predicate (ChargeCategory)	supporting_content/datasets/cost_and_usage/columns/billed-and-effective-cost.md	135	98	Credit	">   * EffectiveCost of a *charge* unrelated to other *charges* (e.g., when the ChargeCategory is ""Credit"") MUST match the [BilledCost](#datasets.costandusage.billedcost)."	apply_repo_review	`Credit`
value_high	Entity predicate (ChargeCategory)	supporting_content/datasets/cost_and_usage/columns/billed-and-effective-cost.md	141	93	Purchase	"> * EffectiveCost MUST be 0 when [ChargeCategory](#datasets.costandusage.chargecategory) is ""Purchase"" and the purchase is intended to cover related eligible *charges*."	apply_repo_review	`Purchase`
value_high	Entity predicate (ChargeCategory)	supporting_content/datasets/cost_and_usage/columns/billed-and-effective-cost.md	142	103	Tax	"> * EffectiveCost MUST be derived from the EffectiveCost of underlying charges when ChargeCategory is ""Tax"" or ""Adjustment""."	apply_repo_review	`Tax`
value_high	Normative entity context (ChargeCategory)	supporting_content/datasets/cost_and_usage/columns/billed-and-effective-cost.md	142	112	Adjustment	"> * EffectiveCost MUST be derived from the EffectiveCost of underlying charges when ChargeCategory is ""Tax"" or ""Adjustment""."	apply_repo_review	`Adjustment`
value_high	Entity predicate (ChargeCategory)	supporting_content/datasets/cost_and_usage/columns/billed-and-effective-cost.md	150	231	Purchase	"> * The sum of EffectiveCost MUST equal the sum of BilledCost within [*dataset artifacts*](#glossary:dataset-artifact) from a single data generator when those *dataset artifacts* include both purchase *charges* (ChargeCategory is ""Purchase"") and the related eligible *charges* they are intended to cover from the same source, or when the artifact contains neither purchase nor covered charges."	apply_repo_review	`Purchase`
value_high	Entity predicate (ChargeCategory)	supporting_content/datasets/cost_and_usage/columns/billed-and-effective-cost.md	151	224	Purchase	"> * The sum of EffectiveCost MAY differ from the sum of BilledCost within [*dataset artifacts*](#glossary:dataset-artifact) from a single data generator when the artifact contains only purchase *charges* (ChargeCategory is ""Purchase"") or only the related eligible *charges* they are intended to cover, and those *charges* originate from different data sources (e.g., marketplace scenarios)."	apply_repo_review	`Purchase`
value_high	Entity predicate (ChargeCategory)	supporting_content/datasets/cost_and_usage/columns/billed-and-effective-cost.md	334	69	Purchase	"* EffectiveCost MUST be 0 when [ChargeCategory](#chargecategory) is ""Purchase"" and the purchase is intended to cover future eligible *charges*."	apply_repo_review	`Purchase`
value_high	Entity predicate (ChargeCategory)	supporting_content/datasets/cost_and_usage/columns/billed-and-effective-cost.md	337	30	Usage	"* When ChargeCategory is not ""Usage"" or ""Purchase"", EffectiveCost MUST adhere to the following requirements:"	apply_repo_review	`Usage`
value_high	Same line as explicit value context	supporting_content/datasets/cost_and_usage/columns/billed-and-effective-cost.md	337	41	Purchase	"* When ChargeCategory is not ""Usage"" or ""Purchase"", EffectiveCost MUST adhere to the following requirements:"	apply_repo_review	`Purchase`
value_high	Entity predicate (ChargeCategory)	supporting_content/datasets/cost_and_usage/columns/billed-and-effective-cost.md	338	103	Tax	"* EffectiveCost of a *charge* calculated based on other *charges* (e.g., when the ChargeCategory is ""Tax"") MUST be calculated based on the EffectiveCost of those related *charges*."	apply_repo_review	`Tax`
value_high	Entity predicate (ChargeCategory)	supporting_content/datasets/cost_and_usage/columns/billed-and-effective-cost.md	339	96	Credit	"* EffectiveCost of a *charge* unrelated to other *charges* (e.g., when the ChargeCategory is ""Credit"") MUST match the [BilledCost](#billedcost)."	apply_repo_review	`Credit`
value_high	Entity predicate (ChargeCategory)	supporting_content/datasets/cost_and_usage/columns/billed-and-effective-cost.md	341	54	Usage	"* The sum of EffectiveCost where ChargeCategory is ""Usage"" MUST equal the sum of BilledCost where ChargeCategory is ""Purchase""."	apply_repo_review	`Usage`
value_high	Entity predicate (ChargeCategory)	supporting_content/datasets/cost_and_usage/columns/billed-and-effective-cost.md	341	119	Purchase	"* The sum of EffectiveCost where ChargeCategory is ""Usage"" MUST equal the sum of BilledCost where ChargeCategory is ""Purchase""."	apply_repo_review	`Purchase`
value_high	Entity predicate (ChargeCategory)	supporting_content/datasets/cost_and_usage/columns/billed-and-effective-cost.md	342	54	Usage	"* The sum of EffectiveCost where ChargeCategory is ""Usage"" MUST equal the sum of EffectiveCost where ChargeCategory is ""Usage"" and [CommitmentDiscountStatus](#commitmentdiscountstatus) is ""Used"", plus the sum of EffectiveCost where ChargeCategory is ""Usage"" and CommitmentDiscountStatus is ""Unused""."	apply_repo_review	`Usage`
value_high	Entity predicate (ChargeCategory)	supporting_content/datasets/cost_and_usage/columns/billed-and-effective-cost.md	342	122	Usage	"* The sum of EffectiveCost where ChargeCategory is ""Usage"" MUST equal the sum of EffectiveCost where ChargeCategory is ""Usage"" and [CommitmentDiscountStatus](#commitmentdiscountstatus) is ""Used"", plus the sum of EffectiveCost where ChargeCategory is ""Usage"" and CommitmentDiscountStatus is ""Unused""."	apply_repo_review	`Usage`
value_high	Entity predicate (CommitmentDiscountStatus)	supporting_content/datasets/cost_and_usage/columns/billed-and-effective-cost.md	342	191	Used	"* The sum of EffectiveCost where ChargeCategory is ""Usage"" MUST equal the sum of EffectiveCost where ChargeCategory is ""Usage"" and [CommitmentDiscountStatus](#commitmentdiscountstatus) is ""Used"", plus the sum of EffectiveCost where ChargeCategory is ""Usage"" and CommitmentDiscountStatus is ""Unused""."	apply_repo_review	`Used`
value_high	Entity predicate (CommitmentDiscountStatus)	supporting_content/datasets/cost_and_usage/columns/billed-and-effective-cost.md	342	253	Usage	"* The sum of EffectiveCost where ChargeCategory is ""Usage"" MUST equal the sum of EffectiveCost where ChargeCategory is ""Usage"" and [CommitmentDiscountStatus](#commitmentdiscountstatus) is ""Used"", plus the sum of EffectiveCost where ChargeCategory is ""Usage"" and CommitmentDiscountStatus is ""Unused""."	apply_repo_review	`Usage`
value_high	Entity predicate (CommitmentDiscountStatus)	supporting_content/datasets/cost_and_usage/columns/billed-and-effective-cost.md	342	293	Unused	"* The sum of EffectiveCost where ChargeCategory is ""Usage"" MUST equal the sum of EffectiveCost where ChargeCategory is ""Usage"" and [CommitmentDiscountStatus](#commitmentdiscountstatus) is ""Used"", plus the sum of EffectiveCost where ChargeCategory is ""Usage"" and CommitmentDiscountStatus is ""Unused""."	apply_repo_review	`Unused`
ambiguous	No deterministic value relationship	supporting_content/datasets/cost_and_usage/columns/billingaccounttype.md	26	31	Payer Account	"| AWS       | Not available | ""Payer Account"" |"	apply_repo_review	`Payer Account`
ambiguous	No deterministic value relationship	supporting_content/datasets/cost_and_usage/columns/billingaccounttype.md	27	31	Billing Account	"| GCP       | Not available | ""Billing Account""    |"	apply_repo_review	`Billing Account`
ambiguous	No deterministic value relationship	supporting_content/datasets/cost_and_usage/columns/billingaccounttype.md	28	31	Billing Account	"| Microsoft | EA            | ""Billing Account""    |"	apply_repo_review	`Billing Account`
ambiguous	No deterministic value relationship	supporting_content/datasets/cost_and_usage/columns/billingaccounttype.md	29	31	Billing Profile	"| Microsoft | MCA/MPA       | ""Billing Profile""    |"	apply_repo_review	`Billing Profile`
ambiguous	No deterministic value relationship	supporting_content/datasets/cost_and_usage/columns/billingaccounttype.md	30	31	Subscription	"| Microsoft | Other         | ""Subscription""       |"	apply_repo_review	`Subscription`
ambiguous	No deterministic value relationship	supporting_content/datasets/cost_and_usage/columns/billingaccounttype.md	31	31	Billing Account	"| OCI       | Not available | ""Billing Account""    |"	apply_repo_review	`Billing Account`
ambiguous	No deterministic value relationship	supporting_content/datasets/cost_and_usage/columns/chargecategory.md	31	271	Billing correction - Adjustment for project X for incorrect Flexible CUD charge	"| GCP       | adjustment                         | Adjustment | ![Screenshot of GCP cost details with type and mode columns.](https://github.com/FinOps-Open-Cost-and-Usage-Spec/FOCUS_Spec/assets/399533/af90e4cd-f3c0-448a-bb0f-0249bcf7135c)<br>Example 1:<br>Description: ""Billing correction - Adjustment for project X for incorrect Flexible CUD charge""<br>Mode: ""MANUAL_ADJUSTMENT""<br>Type: ""GENERAL_ADJUSTMENT"" |"	apply_repo_review	`Billing correction - Adjustment for project X for incorrect Flexible CUD charge`
ambiguous	No deterministic value relationship	supporting_content/datasets/cost_and_usage/columns/chargecategory.md	31	362	MANUAL_ADJUSTMENT	"| GCP       | adjustment                         | Adjustment | ![Screenshot of GCP cost details with type and mode columns.](https://github.com/FinOps-Open-Cost-and-Usage-Spec/FOCUS_Spec/assets/399533/af90e4cd-f3c0-448a-bb0f-0249bcf7135c)<br>Example 1:<br>Description: ""Billing correction - Adjustment for project X for incorrect Flexible CUD charge""<br>Mode: ""MANUAL_ADJUSTMENT""<br>Type: ""GENERAL_ADJUSTMENT"" |"	apply_repo_review	`MANUAL_ADJUSTMENT`
ambiguous	No deterministic value relationship	supporting_content/datasets/cost_and_usage/columns/chargecategory.md	31	391	GENERAL_ADJUSTMENT	"| GCP       | adjustment                         | Adjustment | ![Screenshot of GCP cost details with type and mode columns.](https://github.com/FinOps-Open-Cost-and-Usage-Spec/FOCUS_Spec/assets/399533/af90e4cd-f3c0-448a-bb0f-0249bcf7135c)<br>Example 1:<br>Description: ""Billing correction - Adjustment for project X for incorrect Flexible CUD charge""<br>Mode: ""MANUAL_ADJUSTMENT""<br>Type: ""GENERAL_ADJUSTMENT"" |"	apply_repo_review	`GENERAL_ADJUSTMENT`
ambiguous	No deterministic value relationship	supporting_content/datasets/cost_and_usage/columns/chargefrequency.md	44	59	Usage	"1. A consulting charge based on hours \[used\] would be a ""Usage"" charge."	apply_repo_review	`Usage`
ambiguous	No deterministic value relationship	supporting_content/datasets/cost_and_usage/columns/chargefrequency.md	45	154	One-Time	"* If the charge happens once and is not based on a long-term agreement over multiple ""periods"" (as defined by the consuling firm), then it would be a ""One-Time"" charge."	apply_repo_review	`One-Time`
ambiguous	No deterministic value relationship	supporting_content/datasets/cost_and_usage/columns/chargefrequency.md	46	141	Recurring	"* If there is an agreement that services would be available on a repeated basis with a consistent billing date, then the charge would be ""Recurring""."	apply_repo_review	`Recurring`
ambiguous	No deterministic value relationship	supporting_content/datasets/cost_and_usage/columns/chargefrequency.md	47	8	Usage-Based	"* A ""Usage-Based"" frequency would only make sense if the company were to charge after each consulting engagement (e.g., separate rows for each day consulting services were provided)."	apply_repo_review	`Usage-Based`
ambiguous	No deterministic value relationship	supporting_content/datasets/cost_and_usage/columns/chargefrequency.md	48	53	Adjustment	"2. A rounding [*adjustment*](#glossary:adjustment) (""Adjustment"") happens when invoices are generated."	apply_repo_review	`Adjustment`
ambiguous	No deterministic value relationship	supporting_content/datasets/cost_and_usage/columns/chargefrequency.md	49	82	One-Time	"* If the invoice is generated once and is not expected to repeat, it would be ""One-Time""."	apply_repo_review	`One-Time`
ambiguous	No deterministic value relationship	supporting_content/datasets/cost_and_usage/columns/chargefrequency.md	50	78	Recurring	"* Generally, invoices are repeated every billing period, which would be a ""Recurring"" frequency."	apply_repo_review	`Recurring`
ambiguous	No deterministic value relationship	supporting_content/datasets/cost_and_usage/columns/chargefrequency.md	51	13	Adjustment	"3. Credits (""Adjustment"") can be tracked in many ways. The frequency depends on how/when the credit is applied:"	apply_repo_review	`Adjustment`
ambiguous	No deterministic value relationship	supporting_content/datasets/cost_and_usage/columns/chargefrequency.md	52	106	One-Time	"* If the credit is only applied once and there is no expectation of it happening again, it would be a ""One-Time"" frequency."	apply_repo_review	`One-Time`
ambiguous	No deterministic value relationship	supporting_content/datasets/cost_and_usage/columns/chargefrequency.md	53	113	Recurring	"* If the credit is applied every ""period"" (e.g., weekly, monthly, quarterly) on the same date, it would be a ""Recurring"" frequency. This applies even if there are some months when the credit is not awarded."	apply_repo_review	`Recurring`
ambiguous	No deterministic value relationship	supporting_content/datasets/cost_and_usage/columns/chargefrequency.md	54	157	Usage-Based	"* If the credit is applied immediately after some usage requirements are met and it is not recorded in a consistent, periodic interval, then it would be ""Usage-Based""."	apply_repo_review	`Usage-Based`
ambiguous	No deterministic value relationship	supporting_content/datasets/cost_and_usage/columns/chargefrequency.md	58	3	Usage-Based	"* ""Usage-Based"" value means that charges will be incurred when usage occurs. If there's a charge that happens monthly, even if it's based on usage, it would have a frequency 'recurring' as it's occurrence does not depend on usage consumption but other contractual terms."	apply_repo_review	`Usage-Based`
ambiguous	No deterministic value relationship	supporting_content/datasets/cost_and_usage/columns/commitmentdiscountid.md	28	70	Committed Use Discount: CPU	"| GCP       | Big Query Billing Export | \<credit description>, i.e. ""Committed Use Discount: CPU""        |"	apply_repo_review	`Committed Use Discount: CPU`
value_high	String example table	supporting_content/datasets/cost_and_usage/columns/commitmentdiscountname.md	28	54	Spend-based committed use discount	"| GCP       | Big Query Billing Export   | Examples: ""Spend-based committed use discount"" |"	apply_repo_review	`Spend-based committed use discount`
ambiguous	No deterministic value relationship	supporting_content/datasets/cost_and_usage/columns/pricingcategory.md	39	28	spot	"* Someone mentioned that ""spot"" was a marketing term, so we tried to avoid it."	apply_repo_review	`spot`
ambiguous	No deterministic value relationship	supporting_content/datasets/cost_and_usage/columns/pricingcategory.md	40	30	Preemptible	"* We discussed values like ""Preemptible"" (confusing), ""Interruptible"" (not a pricing model), ""Market-Based"", ""Variable"", and ""Dynamic"". Ultimately, we agreed on ""Dynamic""."	apply_repo_review	`Preemptible`
ambiguous	No deterministic value relationship	supporting_content/datasets/cost_and_usage/columns/pricingcategory.md	40	57	Interruptible	"* We discussed values like ""Preemptible"" (confusing), ""Interruptible"" (not a pricing model), ""Market-Based"", ""Variable"", and ""Dynamic"". Ultimately, we agreed on ""Dynamic""."	apply_repo_review	`Interruptible`
ambiguous	No deterministic value relationship	supporting_content/datasets/cost_and_usage/columns/pricingcategory.md	40	96	Market-Based	"* We discussed values like ""Preemptible"" (confusing), ""Interruptible"" (not a pricing model), ""Market-Based"", ""Variable"", and ""Dynamic"". Ultimately, we agreed on ""Dynamic""."	apply_repo_review	`Market-Based`
ambiguous	No deterministic value relationship	supporting_content/datasets/cost_and_usage/columns/pricingcategory.md	40	112	Variable	"* We discussed values like ""Preemptible"" (confusing), ""Interruptible"" (not a pricing model), ""Market-Based"", ""Variable"", and ""Dynamic"". Ultimately, we agreed on ""Dynamic""."	apply_repo_review	`Variable`
ambiguous	No deterministic value relationship	supporting_content/datasets/cost_and_usage/columns/pricingcategory.md	40	128	Dynamic	"* We discussed values like ""Preemptible"" (confusing), ""Interruptible"" (not a pricing model), ""Market-Based"", ""Variable"", and ""Dynamic"". Ultimately, we agreed on ""Dynamic""."	apply_repo_review	`Dynamic`
ambiguous	No deterministic value relationship	supporting_content/datasets/cost_and_usage/columns/pricingcategory.md	40	164	Dynamic	"* We discussed values like ""Preemptible"" (confusing), ""Interruptible"" (not a pricing model), ""Market-Based"", ""Variable"", and ""Dynamic"". Ultimately, we agreed on ""Dynamic""."	apply_repo_review	`Dynamic`
ambiguous	No deterministic value relationship	supporting_content/datasets/cost_and_usage/columns/pricingcategory.md	41	35	Dynamic	"* Then we questioned whether it ""Dynamic"" would be clear enough to practitioners who are looking for spot usage."	apply_repo_review	`Dynamic`
ambiguous	No deterministic value relationship	supporting_content/datasets/cost_and_usage/columns/pricingcategory.md	43	79	spot	"* We brought PricingModel back into discussion and had the same issues with ""spot"" being clearly understood as ""Dynamic"" so we decided to focus on other columns first."	apply_repo_review	`spot`
ambiguous	No deterministic value relationship	supporting_content/datasets/cost_and_usage/columns/pricingcategory.md	43	114	Dynamic	"* We brought PricingModel back into discussion and had the same issues with ""spot"" being clearly understood as ""Dynamic"" so we decided to focus on other columns first."	apply_repo_review	`Dynamic`
ambiguous	No deterministic value relationship	supporting_content/datasets/cost_and_usage/columns/pricingcategory.md	45	63	Dynamic	"* We agreed to add PricingModel as-is (with spot showing as ""Dynamic"")."	apply_repo_review	`Dynamic`
ambiguous	No deterministic value relationship	supporting_content/datasets/cost_and_usage/columns/pricingcategory.md	50	69	Fixed	"* There was a poll with all members to determine if we should merge ""Fixed"" and ""On-Demand"" pricing options since they sounded near identical."	apply_repo_review	`Fixed`
ambiguous	No deterministic value relationship	supporting_content/datasets/cost_and_usage/columns/pricingcategory.md	50	81	On-Demand	"* There was a poll with all members to determine if we should merge ""Fixed"" and ""On-Demand"" pricing options since they sounded near identical."	apply_repo_review	`On-Demand`
ambiguous	No deterministic value relationship	supporting_content/datasets/cost_and_usage/columns/pricingcategory.md	52	89	On-Demand	"* This was also discussed in the weekly member meeting, where people questioned using ""On-Demand"" for things that don't have a ""pricing"" model."	apply_repo_review	`On-Demand`
ambiguous	No deterministic value relationship	supporting_content/datasets/cost_and_usage/columns/pricingcategory.md	55	36	Other	"* The group also asked to add an ""Other"" option to account for any new pricing model that may come up in the future."	apply_repo_review	`Other`
ambiguous	No deterministic value relationship	supporting_content/datasets/cost_and_usage/columns/pricingcategory.md	62	61	On-Demand	"* As part of these discussions, we also discussed whether ""On-Demand"" was the right term."	apply_repo_review	`On-Demand`
ambiguous	No deterministic value relationship	supporting_content/datasets/cost_and_usage/columns/pricingcategory.md	63	20	Standard	"* We discussed ""Standard"" as a replacement, but agreed ""On-Demand"" is more common and clear for the pricing model of pricing that is based on the published price for the billing account. (Note: Tiered pricing (aka volume-based discounts) are also predetermined and published, so they are also ""On-Demand"" by our definition.)"	apply_repo_review	`Standard`
ambiguous	No deterministic value relationship	supporting_content/datasets/cost_and_usage/columns/pricingcategory.md	63	60	On-Demand	"* We discussed ""Standard"" as a replacement, but agreed ""On-Demand"" is more common and clear for the pricing model of pricing that is based on the published price for the billing account. (Note: Tiered pricing (aka volume-based discounts) are also predetermined and published, so they are also ""On-Demand"" by our definition.)"	apply_repo_review	`On-Demand`
ambiguous	No deterministic value relationship	supporting_content/datasets/cost_and_usage/columns/pricingcategory.md	63	298	On-Demand	"* We discussed ""Standard"" as a replacement, but agreed ""On-Demand"" is more common and clear for the pricing model of pricing that is based on the published price for the billing account. (Note: Tiered pricing (aka volume-based discounts) are also predetermined and published, so they are also ""On-Demand"" by our definition.)"	apply_repo_review	`On-Demand`
ambiguous	No deterministic value relationship	supporting_content/datasets/cost_and_usage/columns/pricingcategory.md	64	15	Standard	"* We felt ""Standard"" was more clear as a differentiator from ""Tiered"" pricing. Another alternative was ""Flat Rate""."	apply_repo_review	`Standard`
ambiguous	No deterministic value relationship	supporting_content/datasets/cost_and_usage/columns/pricingcategory.md	64	66	Tiered	"* We felt ""Standard"" was more clear as a differentiator from ""Tiered"" pricing. Another alternative was ""Flat Rate""."	apply_repo_review	`Tiered`
ambiguous	No deterministic value relationship	supporting_content/datasets/cost_and_usage/columns/pricingcategory.md	64	108	Flat Rate	"* We felt ""Standard"" was more clear as a differentiator from ""Tiered"" pricing. Another alternative was ""Flat Rate""."	apply_repo_review	`Flat Rate`
ambiguous	No deterministic value relationship	supporting_content/datasets/cost_and_usage/columns/pricingcategory.md	65	38	Commitment-Based	"* We also discussed whether to use ""Commitment-Based"" or ""Discounted""."	apply_repo_review	`Commitment-Based`
ambiguous	No deterministic value relationship	supporting_content/datasets/cost_and_usage/columns/pricingcategory.md	65	60	Discounted	"* We also discussed whether to use ""Commitment-Based"" or ""Discounted""."	apply_repo_review	`Discounted`
ambiguous	No deterministic value relationship	supporting_content/datasets/cost_and_usage/columns/pricingcategory.md	66	17	Discounted	"* If we use ""Discounted"", then any future discounting strategy could get rolled into a single column without the need to change values."	apply_repo_review	`Discounted`
ambiguous	No deterministic value relationship	supporting_content/datasets/cost_and_usage/columns/pricingcategory.md	69	73	Discounted	"* We also didn't have any other clear examples that would fall into ""Discounted"" pricing that would be meaningfully grouped together in a way that practitioners would want to see together and not distinguished separately from their committed costs."	apply_repo_review	`Discounted`
exclude_key	Property/key notation	supporting_content/datasets/cost_and_usage/columns/pricingcategory.md	70	32	Dynamic	"* We also discussed the term ""Dynamic"" and whether it was clear enough."	apply_repo_review	`Dynamic`
ambiguous	No deterministic value relationship	supporting_content/datasets/cost_and_usage/columns/pricingcategory.md	71	39	spot	"* During this, we discovered that ""spot"" is not a marketing term and is in fact a pricing construct for an always-changing price that a good or service can be immediately sold at."	apply_repo_review	`spot`
ambiguous	No deterministic value relationship	supporting_content/datasets/cost_and_usage/columns/pricingcategory.md	72	30	Dynamic	"* We discussed replacing ""Dynamic"" with ""Spot"", but agreed that ""Dynamic"" is more inclusive of other types of dynamic pricing models that may be introduced in the future and would likely be desirable to be grouped together."	apply_repo_review	`Dynamic`
ambiguous	No deterministic value relationship	supporting_content/datasets/cost_and_usage/columns/pricingcategory.md	72	45	Spot	"* We discussed replacing ""Dynamic"" with ""Spot"", but agreed that ""Dynamic"" is more inclusive of other types of dynamic pricing models that may be introduced in the future and would likely be desirable to be grouped together."	apply_repo_review	`Spot`
ambiguous	No deterministic value relationship	supporting_content/datasets/cost_and_usage/columns/pricingcategory.md	72	69	Dynamic	"* We discussed replacing ""Dynamic"" with ""Spot"", but agreed that ""Dynamic"" is more inclusive of other types of dynamic pricing models that may be introduced in the future and would likely be desirable to be grouped together."	apply_repo_review	`Dynamic`
ambiguous	No deterministic value relationship	supporting_content/datasets/cost_and_usage/columns/pricingcategory.md	73	110	Other	"* Given we cannot predict all pricing models that will be introduced in the future, we decided to also add ""Other"" in each subcategory."	apply_repo_review	`Other`
ambiguous	No deterministic value relationship	supporting_content/datasets/cost_and_usage/columns/pricingcategory.md	75	41	On-Demand	"* On April 3, 2024, we agreed to change ""On-Demand"" to ""Standard"" and ""Commitment-Based"" to ""Committed""."	apply_repo_review	`On-Demand`
ambiguous	No deterministic value relationship	supporting_content/datasets/cost_and_usage/columns/pricingcategory.md	75	56	Standard	"* On April 3, 2024, we agreed to change ""On-Demand"" to ""Standard"" and ""Commitment-Based"" to ""Committed""."	apply_repo_review	`Standard`
ambiguous	No deterministic value relationship	supporting_content/datasets/cost_and_usage/columns/pricingcategory.md	75	71	Commitment-Based	"* On April 3, 2024, we agreed to change ""On-Demand"" to ""Standard"" and ""Commitment-Based"" to ""Committed""."	apply_repo_review	`Commitment-Based`
ambiguous	No deterministic value relationship	supporting_content/datasets/cost_and_usage/columns/pricingcategory.md	75	93	Committed	"* On April 3, 2024, we agreed to change ""On-Demand"" to ""Standard"" and ""Commitment-Based"" to ""Committed""."	apply_repo_review	`Committed`
ambiguous	No deterministic value relationship	supporting_content/datasets/cost_and_usage/columns/pricingcategory.md	82	112	Other	"* Consider defining an attribute that applies to all Category/Subcategory columns (e.g., must have principles, ""Other"" value)."	apply_repo_review	`Other`
value_high	Entity predicate (PricingQuantity)	supporting_content/datasets/cost_and_usage/columns/pricingquantity.md	62	72	Tax	"### Example PricingQuantity values for charges where ChargeCategory is ""Tax"""	apply_repo_review	`Tax`
ambiguous	No deterministic value relationship	supporting_content/datasets/cost_and_usage/columns/servicesubcategory.md	181	26	Other	"Each Category carries an ""Other"" Subcategory to allow the providers to provide a Category without a Subcategory.  A vote was issued via Slack on Aug 13 with the following options:"	apply_repo_review	`Other`
ambiguous	No deterministic value relationship	supporting_content/datasets/cost_and_usage/columns/servicesubcategory.md	196	62	Other	"#### Why do some of the Categories lack Subcategories beyond ""Other""?"	apply_repo_review	`Other`
ambiguous	No deterministic value relationship	supporting_content/datasets/cost_and_usage/columns/skupricedetails.md	38	180	D-series,	"* Azure refers to multiple groupings of Virtual Machine SKUs as series. [This page](https://azure.microsoft.com/en-us/pricing/details/virtual-machines/series/#d-series) refers to ""D-series,"" ""Dplds VM series,"" and ""Dpdsv5 VM series"" whereas [this page](https://learn.microsoft.com/en-us/azure/virtual-machines/sizes/general-purpose/d-family) calls these the D-family."	apply_repo_review	`D-series`,
ambiguous	No deterministic value relationship	supporting_content/datasets/cost_and_usage/columns/skupricedetails.md	38	192	Dplds VM series,	"* Azure refers to multiple groupings of Virtual Machine SKUs as series. [This page](https://azure.microsoft.com/en-us/pricing/details/virtual-machines/series/#d-series) refers to ""D-series,"" ""Dplds VM series,"" and ""Dpdsv5 VM series"" whereas [this page](https://learn.microsoft.com/en-us/azure/virtual-machines/sizes/general-purpose/d-family) calls these the D-family."	apply_repo_review	`Dplds VM series`,
ambiguous	No deterministic value relationship	supporting_content/datasets/cost_and_usage/columns/skupricedetails.md	38	215	Dpdsv5 VM series	"* Azure refers to multiple groupings of Virtual Machine SKUs as series. [This page](https://azure.microsoft.com/en-us/pricing/details/virtual-machines/series/#d-series) refers to ""D-series,"" ""Dplds VM series,"" and ""Dpdsv5 VM series"" whereas [this page](https://learn.microsoft.com/en-us/azure/virtual-machines/sizes/general-purpose/d-family) calls these the D-family."	apply_repo_review	`Dpdsv5 VM series`
ambiguous	No deterministic value relationship	supporting_content/datasets/cost_and_usage/columns/skupricedetails.md	40	136	Dpdsv5 VM series	"* Referencing the above examples, this approach aligns to how Azure lists the series which are part of the D-family, would match the ""Dpdsv5 VM series"" example, and generally aligns the information in the Instance Series dropdown of the [Azure Pricing Calculator](https://azure.microsoft.com/en-us/pricing/calculator/) when Virtual Machines are selected (without the appended ""-series"" and without using whitespace characters)."	apply_repo_review	`Dpdsv5 VM series`
ambiguous	No deterministic value relationship	supporting_content/datasets/cost_and_usage/columns/skupriceid.md	80	56	USD	"* **CurrencyCode** (String) - Currency code (e.g., ""USD"", ""EUR"")"	apply_repo_review	`USD`
ambiguous	No deterministic value relationship	supporting_content/datasets/cost_and_usage/columns/skupriceid.md	80	63	EUR	"* **CurrencyCode** (String) - Currency code (e.g., ""USD"", ""EUR"")"	apply_repo_review	`EUR`
value_high	Entity predicate (ChargeClass)	supporting_content/datasets/cost_and_usage/columns/skupriceid.md	177	75	Correction	"* SkuPriceId MUST NOT be null when [ChargeClass](#chargeclass) is not ""Correction"" and [ChargeCategory](#chargecategory) is ""Usage"" or ""Purchase"", MUST be null when ChargeCategory is ""Tax"", and MAY be null for all other combinations of ChargeClass and ChargeCategory."	apply_repo_review	`Correction`
value_high	Entity predicate (ChargeCategory)	supporting_content/datasets/cost_and_usage/columns/skupriceid.md	177	129	Usage	"* SkuPriceId MUST NOT be null when [ChargeClass](#chargeclass) is not ""Correction"" and [ChargeCategory](#chargecategory) is ""Usage"" or ""Purchase"", MUST be null when ChargeCategory is ""Tax"", and MAY be null for all other combinations of ChargeClass and ChargeCategory."	apply_repo_review	`Usage`
value_high	Normative entity context (ChargeCategory)	supporting_content/datasets/cost_and_usage/columns/skupriceid.md	177	140	Purchase	"* SkuPriceId MUST NOT be null when [ChargeClass](#chargeclass) is not ""Correction"" and [ChargeCategory](#chargecategory) is ""Usage"" or ""Purchase"", MUST be null when ChargeCategory is ""Tax"", and MAY be null for all other combinations of ChargeClass and ChargeCategory."	apply_repo_review	`Purchase`
value_high	Entity predicate (ChargeCategory)	supporting_content/datasets/cost_and_usage/columns/skupriceid.md	177	188	Tax	"* SkuPriceId MUST NOT be null when [ChargeClass](#chargeclass) is not ""Correction"" and [ChargeCategory](#chargecategory) is ""Usage"" or ""Purchase"", MUST be null when ChargeCategory is ""Tax"", and MAY be null for all other combinations of ChargeClass and ChargeCategory."	apply_repo_review	`Tax`
value_high	Entity predicate (ChargeClass)	supporting_content/datasets/cost_and_usage/columns/skupriceid.md	185	75	Correction	"* SkuPriceId MUST NOT be null when [ChargeClass](#chargeclass) is not ""Correction"" and [ChargeCategory](#chargecategory) is ""Usage"" or ""Purchase"", MUST be null when ChargeCategory is ""Tax"", and MAY be null for all other combinations of ChargeClass and ChargeCategory."	apply_repo_review	`Correction`
value_high	Entity predicate (ChargeCategory)	supporting_content/datasets/cost_and_usage/columns/skupriceid.md	185	129	Usage	"* SkuPriceId MUST NOT be null when [ChargeClass](#chargeclass) is not ""Correction"" and [ChargeCategory](#chargecategory) is ""Usage"" or ""Purchase"", MUST be null when ChargeCategory is ""Tax"", and MAY be null for all other combinations of ChargeClass and ChargeCategory."	apply_repo_review	`Usage`
value_high	Normative entity context (ChargeCategory)	supporting_content/datasets/cost_and_usage/columns/skupriceid.md	185	140	Purchase	"* SkuPriceId MUST NOT be null when [ChargeClass](#chargeclass) is not ""Correction"" and [ChargeCategory](#chargecategory) is ""Usage"" or ""Purchase"", MUST be null when ChargeCategory is ""Tax"", and MAY be null for all other combinations of ChargeClass and ChargeCategory."	apply_repo_review	`Purchase`
value_high	Entity predicate (ChargeCategory)	supporting_content/datasets/cost_and_usage/columns/skupriceid.md	185	188	Tax	"* SkuPriceId MUST NOT be null when [ChargeClass](#chargeclass) is not ""Correction"" and [ChargeCategory](#chargecategory) is ""Usage"" or ""Purchase"", MUST be null when ChargeCategory is ""Tax"", and MAY be null for all other combinations of ChargeClass and ChargeCategory."	apply_repo_review	`Tax`
ambiguous	No deterministic value relationship	supporting_content/datasets/cost_and_usage/columns/subaccountid.md	25	136	Subscription	"| OCI       | Cost reports | Tenancies are used for segregating resources and access management. Multiple tenancies can be mapped to a ""Subscription"" (Billing Construct) in an Organization |"	apply_repo_review	`Subscription`
ambiguous	No deterministic value relationship	supporting_content/datasets/cost_and_usage/columns/subaccounttype.md	25	15	Membership Account	"| AWS       | ""Membership Account"" |"	apply_repo_review	`Membership Account`
ambiguous	No deterministic value relationship	supporting_content/datasets/cost_and_usage/columns/subaccounttype.md	26	15	Project	"| GCP       | ""Project""        |"	apply_repo_review	`Project`
ambiguous	No deterministic value relationship	supporting_content/datasets/cost_and_usage/columns/subaccounttype.md	27	15	Subscription	"| Microsoft | ""Subscription""   |"	apply_repo_review	`Subscription`
ambiguous	No deterministic value relationship	supporting_content/datasets/cost_and_usage/columns/subaccounttype.md	28	15	Tenancy	"| OCI       | ""Tenancy""        |"	apply_repo_review	`Tenancy`
ambiguous	No deterministic value relationship	supporting_content/datasets/cost_and_usage/columns/subaccounttype.md	29	15	Child Tenancy	"| OCI       | ""Child Tenancy""  |"	apply_repo_review	`Child Tenancy`
ambiguous	No deterministic value relationship	specification/requirements_model/tests/test_summary.md	149	1	Nullability	"""Nullability"" ⇒ Must reference null-related conditions in text."	apply_audit_fix	`Nullability`
ambiguous	No deterministic value relationship	specification/requirements_model/tests/test_summary.md	150	1	Format	"""Format"" ⇒ Must reference format."	apply_audit_fix	`Format`
ambiguous	No deterministic value relationship	specification/requirements_model/tests/test_summary.md	151	1	Type	"""Type"" ⇒ Must include “of type”."	apply_audit_fix	`Type`
ambiguous	No deterministic value relationship	specification/requirements_model/tests/test_summary.md	152	1	Composite	"""Composite"" ⇒ Must use AND/OR with at least one CheckModelRule."	apply_audit_fix	`Composite`
